movie_id,title,director,year,runtime,genres
tt0027800,The Invisible Ray,Lambert Hillyer,1936,80,"Horror,Sci-Fi,Thriller"
tt0034613,The Corpse Vanishes,Wallace Fox,1942,64,"Horror,Sci-Fi"
tt0038514,The Face of Marble,William Beaudine,1946,72,"Horror,Sci-Fi"
tt0045064,Radar Men from the Moon,Fred C. Brannon,1952,167,"Action,Family,Sci-Fi"
tt0049223,Forbidden Planet,Fred M. Wilcox,1956,98,"Adventure,Sci-Fi"
tt0051418,The Blob,"Irvin S. Yeaworth Jr., Russell S. Doughten Jr.",1958,86,"Horror,Sci-Fi"
tt0052646,The Brain That Wouldn't Die,Joseph Green,1962,82,"Horror,Sci-Fi"
tt0062159,The Projected Man,"Ian Curteis, John Croydon",1966,77,"Horror,Sci-Fi"
tt0065738,Frankenstein Must Be Destroyed,Terence Fisher,1969,101,"Drama,Horror,Sci-Fi"
tt0075781,The Brain Machine,Joy N. Houck Jr.,1972,85,"Sci-Fi,Thriller"
tt0075850,Cinderella 2000,Al Adamson,1977,89,"Fantasy,Musical,Sci-Fi"
tt0075990,End of the World,John Hayes,1977,86,"Horror,Mystery,Sci-Fi"
tt0076191,The Incredible Melting Man,William Sachs,1977,86,"Horror,Sci-Fi"
tt0082642,The Last Chase,Martyn Burke,1981,101,"Action,Adventure,Sci-Fi"
tt0083050,G.I. Samurai,Kôsei Saitô,1979,85,"Action,Adventure,Sci-Fi"
tt0086967,Biohazard,Fred Olen Ray,1985,84,"Horror,Sci-Fi"
tt0087799,Night of the Comet,Thom Eberhardt,1984,95,"Comedy,Horror,Sci-Fi"
tt0087803,1984,Michael Radford,1984,113,"Drama,Sci-Fi"
tt0088760,Baby: Secret of the Lost Legend,Bill Norton,1985,95,"Adventure,Family,Sci-Fi"
tt0089280,Hobgoblins,Rick Sloane,1988,88,"Comedy,Horror,Sci-Fi"
tt0090849,Class of Nuke 'Em High,"Richard W. Haines, Lloyd Kaufman",1986,85,"Comedy,Horror,Sci-Fi"
tt0091631,Nightmare Weekend,Henri Sala,1986,85,"Horror,Sci-Fi"
tt0092677,Blue Monkey,William Fruet,1987,96,"Horror,Sci-Fi"
tt0093741,The Pink Chiquitas,Tony Currie,1986,83,"Comedy,Horror,Sci-Fi"
tt0095043,Doctor Hackenstein,Richard Clark,1988,88,"Comedy,Horror,Sci-Fi"
tt0096511,Zombie 3,"Lucio Fulci, Claudio Fragasso, Bruno Mattei",1988,84,"Action,Horror,Sci-Fi"
tt0097371,Food of the Gods II,Damian Lee,1989,91,"Horror,Sci-Fi"
tt0097630,Journey to the Center of the Earth,"Rusty Lemorande, Albert Pyun",1988,100,"Adventure,Sci-Fi"
tt0097874,Metamorphosis,George Eastman,1990,96,"Horror,Sci-Fi"
tt0098375,Spontaneous Combustion,Tobe Hooper,1989,97,"Horror,Sci-Fi,Thriller"
tt0099173,Brain Dead,Adam Simon,1990,85,"Horror,Mystery,Sci-Fi"
tt0099856,The Invisible Maniac,Adam Rifkin,1990,86,"Comedy,Horror,Sci-Fi"
tt0101368,Severed Ties,Damon Santostefano,1991,92,"Comedy,Horror,Sci-Fi"
tt0102800,Robot Jox,Stuart Gordon,1989,85,"Action,Sci-Fi,Thriller"
tt0103336,Zombie '90: Extreme Pestilence,Andreas Schnaas,1991,75,"Horror,Sci-Fi"
tt0105410,"Silent Night, Deadly Night 5: The Toy Maker",Martin Kitrosser,1991,86,"Horror,Sci-Fi"
tt0106983,Future Shock,"Eric Parkinson, Matt Reeves, Oley Sassone",1994,98,"Horror,Sci-Fi"
tt0112762,Cyber-Tracker 2,Richard Pepin,1995,97,"Action,Sci-Fi,Thriller"
tt0112974,Alien Visitor,Rolf de Heer,1996,92,"Drama,Sci-Fi"
tt0115834,Carnosaur 3: Primal Species,Jonathan Winfrey,1996,80,"Action,Horror,Sci-Fi"
tt0118882,Conceiving Ada,Lynn Hershman Leeson,1997,85,"Drama,Fantasy,Sci-Fi"
tt0119380,The Invader,Mark Rosman,1997,93,"Action,Sci-Fi,Thriller"
tt0119700,Moonbase,Paolo Mazzucato,1997,89,"Action,Sci-Fi"
tt0120764,My Favorite Martian,Donald Petrie,1999,94,"Comedy,Family,Sci-Fi"
tt0160986,Time at the Top,Jim Kaufman,1999,96,"Family,Sci-Fi"
tt0164052,Hollow Man,Paul Verhoeven,2000,112,"Action,Horror,Sci-Fi"
tt0176269,Universal Soldier: The Return,Mic Rodgers,1999,83,"Action,Sci-Fi"
tt0222817,Entrails of a Virgin,Kazuo 'Gaira' Komizu,1986,72,"Horror,Sci-Fi"
tt0234215,The Matrix Reloaded,"Lana Wachowski, Lilly Wachowski",2003,138,"Action,Sci-Fi"
tt0254199,CQ,Roman Coppola,2001,88,"Comedy,Drama,Sci-Fi"
tt0255798,The Animal,Luke Greenfield,2001,84,"Comedy,Sci-Fi"
tt0272202,Mysterious Planet,Brett Piper,1982,71,"Adventure,Sci-Fi"
tt0274518,Gayniggers from Outer Space,Morten Lindberg,1992,26,"Comedy,Sci-Fi,Short"
tt0275410,Horrorvision,Danny Draven,2001,72,"Horror,Sci-Fi,Thriller"
tt0284978,Cypher,Vincenzo Natali,2002,95,"Mystery,Sci-Fi,Thriller"
tt0295725,Time Changer,Rich Christiano,2002,95,"Drama,Fantasy,Sci-Fi"
tt0308132,The Corpse Grinders 2,Ted V. Mikels,2000,102,"Horror,Sci-Fi,Thriller"
tt0312640,Dragon Fighter,Phillip J. Roth,2003,85,"Action,Sci-Fi,Thriller"
tt0314063,Immortal,Enki Bilal,2004,103,"Drama,Sci-Fi,Thriller"
tt0343818,"I, Robot",Alex Proyas,2004,115,"Action,Mystery,Sci-Fi"
tt0348150,Superman Returns,Bryan Singer,2006,154,"Action,Adventure,Sci-Fi"
tt0365514,Moon Child,Takahisa Zeze,2003,120,"Action,Drama,Sci-Fi"
tt0369226,Alone in the Dark,Uwe Boll,2005,96,"Action,Horror,Sci-Fi"
tt0377713,Cube Zero,Ernie Barbarash,2004,97,"Drama,Mystery,Sci-Fi"
tt0383353,Evil Aliens,Jake West,2005,93,"Comedy,Horror,Sci-Fi"
tt0386741,Renaissance,Christian Volckman,2006,105,"Action,Animation,Sci-Fi"
tt0404325,Phil the Alien,Rob Stefaniuk,2004,82,"Comedy,Sci-Fi"
tt0417191,They Are Among Us,Jeffrey Obrow,2004,99,"Sci-Fi,Thriller"
tt0425638,The War of the Worlds,Timothy Hines,2005,179,"Action,Adventure,Sci-Fi"
tt0430926,Bloodsuckers,Matthew Hastings,2005,99,"Action,Horror,Sci-Fi"
tt0434964,Gammera the Invincible,"Sandy Howard, Noriaki Yuasa",1966,86,"Family,Sci-Fi"
tt0443678,Unholy,Daryl Goldberg,2007,90,"Horror,Sci-Fi,Thriller"
tt0445161,4,Ilya Khrzhanovskiy,2004,126,"Drama,Mystery,Sci-Fi"
tt0457275,Altered,Eduardo Sánchez,2006,88,"Horror,Sci-Fi,Thriller"
tt0465624,My Super Ex-Girlfriend,Ivan Reitman,2006,96,"Comedy,Romance,Sci-Fi"
tt0493424,Attack Force,Michael Keusch,2006,95,"Action,Sci-Fi,Thriller"
tt0758442,Black Night,Olivier Smolders,2005,90,"Drama,Mystery,Sci-Fi"
tt0799862,Caprica,"Michael Nankin, Jonas Pate, John Dahl, Wayne Rose, Jeffrey Reiner, Roxann Dawson, Tim Hunter, Omar Madha, Ronald D. Moore, Eric Stoltz, Michael W. Watkins",2009,60,"Action,Drama,Sci-Fi"
tt0807840,Elephants Dream,Bassam Kurdali,2006,11,"Animation,Sci-Fi,Short"
tt0865957,WarGames: The Dead Code,Stuart Gillard,2008,100,"Drama,Sci-Fi,Thriller"
tt0026273,The Desert Trail,Lewis D. Collins,1935,54,Western
tt0028313,The Story of Louis Pasteur,William Dieterle,1936,86,"Biography,Drama,History"
tt0029608,Stella Dallas,King Vidor,1937,106,"Drama,Romance"
tt0038621,House of Horrors,Jean Yarbrough,1946,65,"Adventure,Crime,Drama"
tt0038873,The Razor's Edge,Edmund Goulding,1946,145,"Drama,Romance"
tt0045815,The Girl Next Door,Richard Sale,1953,92,"Comedy,Musical"
tt0052169,The Screaming Skull,Alex Nicol,1958,68,"Horror,Thriller"
tt0052218,Some Came Running,Vincente Minnelli,1958,137,"Drama,Romance"
tt0053142,Operation Dames,Louis Clyde Stoumen,1959,74,"Drama,Romance,War"
tt0062032,Succubus,Jesús Franco,1968,79,"Horror,Mystery,Thriller"
tt0063850,If....,Lindsay Anderson,1968,111,"Crime,Drama"
tt0064888,The House That Screamed,Narciso Ibáñez Serrador,1969,94,"Horror,Mystery,Thriller"
tt0065622,The Decameron,Pier Paolo Pasolini,1971,111,"Comedy,Drama,History"
tt0066384,Skullduggery,"Gordon Douglas, Richard Wilson",1970,105,Adventure
tt0070795,A Thief in the Night,Donald W. Thompson,1972,69,"Drama,Fantasy,Horror"
tt0072752,The Beast,Walerian Borowczyk,1975,98,"Drama,Fantasy,Horror"
tt0076504,Orca,Michael Anderson,1977,92,"Adventure,Drama,Horror"
tt0084021,Grease 2,Patricia Birch,1982,115,"Comedy,Music,Musical"
tt0087127,Deathstalker,James Sbardellati,1983,80,"Action,Adventure,Fantasy"
tt0089880,Rambo: First Blood Part II,George P. Cosmatos,1985,96,"Action,Adventure,Thriller"
tt0090567,52 Pick-Up,John Frankenheimer,1986,110,"Crime,Drama,Thriller"
tt0091859,"Rita, Sue and Bob Too",Alan Clarke,1987,89,"Comedy,Drama"
tt0095775,The Ogre,Lamberto Bava,1988,94,"Drama,Horror,Mystery"
tt0096073,The Seventh Sign,Carl Schultz,1988,97,"Drama,Fantasy,Horror"
tt0096453,Witchery,Fabrizio Laurenti,1989,95,Horror
tt0096870,Going Overboard,Valerie Breiman,1989,99,Comedy
tt0097635,Jesus of Montreal,Denys Arcand,1989,120,"Drama,Romance"
tt0099260,China O'Brien,Robert Clouse,1990,86,"Action,Crime,Drama"
tt0105699,Unlawful Entry,Jonathan Kaplan,1992,111,"Crime,Drama,Thriller"
tt0113305,Higher Learning,John Singleton,1995,128,"Crime,Drama,Thriller"
tt0114057,Othello,Oliver Parker,1995,123,"Drama,Romance"
tt0115907,City Hall,Harold Becker,1996,111,"Crime,Drama,Mystery"
tt0116308,Fire,Deepa Mehta,1996,104,"Crime,Drama,Romance"
tt0117283,The Pallbearer,Matt Reeves,1996,98,"Comedy,Romance"
tt0117894,Thinner,Tom Holland,1996,93,"Fantasy,Horror"
tt0117979,The Truth About Cats & Dogs,Michael Lehmann,1996,97,"Comedy,Romance"
tt0119173,G.I. Jane,Ridley Scott,1997,125,"Action,Drama,War"
tt0119196,The Gingerbread Man,Robert Altman,1998,114,"Crime,Mystery,Thriller"
tt0119303,Home Alone 3,Raja Gosnell,1997,102,"Action,Comedy,Crime"
tt0119453,A Merry War,Robert Bierman,1997,101,"Comedy,Drama,Romance"
tt0120430,Vanishing Point,Charles Robert Carner,1997,91,"Action,Adventure,Drama"
tt0120620,Brokedown Palace,Jonathan Kaplan,1999,100,"Drama,Mystery,Thriller"
tt0120626,April Captains,Maria de Medeiros,2000,123,"Drama,History,War"
tt0138322,Beretta's Island,Michael Preece,1993,97,"Action,Adventure,Comedy"
tt0141369,Inspector Gadget,David Kellogg,1999,78,"Action,Adventure,Comedy"
tt0143096,The All New Adventures of Laurel & Hardy in 'For Love or Mummy',"John R. Cherry III, Larry Harmon",1999,85,Comedy
tt0145531,Stigmata,Rupert Wainwright,1999,103,"Horror,Mystery"
tt0161023,Tumbleweeds,Gavin O'Connor,1999,102,"Comedy,Drama"
tt0171363,The Haunting,Jan de Bont,1999,113,"Fantasy,Horror,Mystery"
tt0175880,Magnolia,Paul Thomas Anderson,1999,188,Drama
tt0179443,Rancid Aluminum,Edward Thomas,2000,91,"Comedy,Crime,Drama"
tt0184463,The Fear: Resurrection,Chris Angel,1999,87,Horror
tt0192766,A Wake in Providence,Rosario Roveto Jr.,1999,92,Comedy
tt0197570,The Hungry Bachelors Club,Gregory Ruzzin,1999,93,"Comedy,Drama,Romance"
tt0200374,Shaka Zulu: The Citadel,Joshua Sinclair,2001,179,Drama
tt0201538,Les convoyeurs attendent,Benoît Mariage,1999,94,"Comedy,Drama"
tt0202458,Love.com,Sherwood Ball,2002,85,Thriller
tt0203408,The Omega Code,Robert Marcarelli,1999,100,"Action,Adventure,Fantasy"
tt0211181,102 Dalmatians,Kevin Lima,2000,100,"Adventure,Comedy,Family"
tt0218619,Soul Survivors,Stephen Carpenter,2001,84,"Horror,Mystery,Thriller"
tt0219400,Waking Up in Reno,Jordan Brady,2002,91,"Comedy,Romance"
tt0237616,The Prodigy,Edward T. McDougal,1999,104,Drama
tt0240684,The Little Mermaid 2: Return to the Sea,"Jim Kammerud, Brian Smith",2000,75,"Adventure,Animation,Comedy"
tt0245407,Crush,John McKay,2001,108,"Comedy,Drama,Romance"
tt0249624,Gabriel & Me,Udayan Prasad,2001,84,Drama
tt0252028,Surviving Christmas,Mike Mitchell,2004,91,"Comedy,Romance"
tt0253335,No Turning Back,"Julia Montejo, Jesus Nebot",2001,98,"Crime,Drama,Thriller"
tt0257044,Road to Perdition,Sam Mendes,2002,117,"Crime,Drama,Thriller"
tt0257106,Scary Movie 2,Keenen Ivory Wayans,2001,83,"Comedy,Horror"
tt0275067,Wendigo,Larry Fessenden,2001,91,"Horror,Mystery,Thriller"
tt0286610,"Broken Bow, Part 1",James L. Conway,2001,44,"Action,Adventure,Drama"
tt0295529,Power Play,Joseph Zito,2003,100,"Action,Thriller"
tt0300214,Morvern Callar,Lynne Ramsay,2002,97,Drama
tt0306063,Severed,Matt Green,2002,89,Horror
tt0306568,Blood of the Samurai,Aaron Yamasato,2001,75,"Action,Adventure,Comedy"
tt0319147,Casomai,Alessandro D'Alatri,2002,114,"Comedy,Romance"
tt0332658,Intermission,John Crowley,2003,105,"Comedy,Crime,Drama"
tt0334541,Tremors 4: The Legend Begins,S.S. Wilson,2004,101,"Action,Adventure,Comedy"
tt0337640,Hollywood North,Peter O'Brian,2003,89,Comedy
tt0339531,Sasquatch Hunters,Fred Tepper,2005,88,"Action,Horror,Thriller"
tt0340883,Open House,Dan Mirvish,2004,95,Musical
tt0366555,The Hazing,Rolfe Kanefsky,2004,87,"Comedy,Horror"
tt0367817,S.I.C.K. Serial Insane Clown Killer,Bob Willems,2003,97,"Horror,Thriller"
tt0374569,Che: Part Two,Steven Soderbergh,2008,135,"Biography,Drama,History"
tt0375210,White Noise,Geoffrey Sax,2005,101,"Drama,Horror,Mystery"
tt0381966,Creep,Christopher Smith,2004,85,"Horror,Mystery,Thriller"
tt0384814,Ask the Dust,Robert Towne,2006,117,"Drama,Romance"
tt0390614,Waqt: The Race Against Time,Vipul Amrutlal Shah,2005,153,"Comedy,Drama,Family"
tt0399877,What the #$*! Do We (K)now!?,"William Arntz, Betsy Chasse, Mark Vicente",2004,109,"Comedy,Documentary,Drama"
tt0400497,Herbie: Fully Loaded,Angela Robinson,2005,101,"Adventure,Comedy,Family"
tt0408309,"Carmilla, the Lesbian Vampire",Vince D'Amato,2004,85,"Drama,Horror"
tt0410162,The King Maker,Lek Kitaparaporn,2005,92,"Adventure,Drama"
tt0417148,Snakes on a Plane,David R. Ellis,2006,105,"Action,Adventure,Crime"
tt0420223,Stranger Than Fiction,Marc Forster,2006,113,"Comedy,Drama,Fantasy"
tt0427038,Carlito's Way: Rise to Power,Michael S. Bregman,2005,100,"Action,Crime,Drama"
tt0430304,Little Man,Keenen Ivory Wayans,2006,98,"Comedy,Crime"
tt0430768,Wild Tigers I Have Known,Cam Archer,2006,88,Drama
tt0432283,Fantastic Mr. Fox,Wes Anderson,2009,87,"Adventure,Animation,Comedy"
tt0439932,The Jane Show,"George Bloomfield, T.W. Peacocke, Brian K. Roberts, Paul Fox, Craig Pryce, Ron Murphy, Chris Deacon",2004,30,Comedy
tt0444628,Fay Grim,Hal Hartley,2006,118,"Action,Comedy,Thriller"
tt0450345,The Wicker Man,Neil LaBute,2006,102,"Horror,Mystery,Thriller"
tt0455538,How to Lose Friends & Alienate People,Robert B. Weide,2008,110,"Biography,Comedy,Drama"
tt0459387,The Great Ecstasy of Robert Carmichael,Thomas Clay,2005,96,"Crime,Drama"
tt0461642,7 Dwarves: The Forest Is Not Enough,"Miguel Angelo Pate, Sven Unterwaldt Jr.",2006,95,"Comedy,Fantasy"
tt0461887,Space Race,"Mark Everest, Christopher Spencer",2005,240,"Documentary,Drama"
tt0463392,Zombie Nation,Ulli Lommel,2004,81,Horror
tt0468482,Fungicide,Dave Wascavage,2002,84,"Comedy,Horror"
tt0472033,9,Shane Acker,2009,79,"Action,Adventure,Animation"
tt0479651,Dasavatharam,K.S. Ravikumar,2008,188,"Action,Adventure,Drama"
tt0494230,Gospel of Deceit,Timothy Bond,2006,88,Thriller
tt0758781,Seed,Uwe Boll,2006,90,Horror
tt0765447,Evening,Lajos Koltai,2007,117,"Drama,Romance"
tt0783608,The Walker,Paul Schrader,2007,108,"Crime,Drama,Mystery"
tt0787475,Hot Rod,Akiva Schaffer,2007,88,"Comedy,Sport"
tt0791304,Georgia Rule,Garry Marshall,2007,113,"Comedy,Drama"
tt0800069,The Hills Have Eyes 2,Martin Weisz,2007,89,"Horror,Thriller"
tt0806203,Carriers,"David Pastor, Àlex Pastor",2009,84,"Adventure,Drama,Horror"
tt0815241,Religulous,Larry Charles,2008,101,"Comedy,Documentary,War"
tt0818682,Islam: What the West Needs to Know,"Bryan Daly, Gregory M. Davis",2006,98,Documentary
tt0974959,American Pie Presents: Beta House,Andrew Waller,2007,85,Comedy
