product_id,review
B01988BFSU,"Very fancy. Good quality scarf.

This shawl is beautiful. I was really nervous about it because I needed it in time for a wedding but thank goodness it got here, it did take a little long though. The lace is so soft and feels exspensive, I would of paid much more for this shawl! :)

This item is not as pictured. It has gold trim that you can't see in the photograph.

Ty

This is beautiful and exactly what I wanted! Good quality . Received in a timely manner. Well pleased."
B01G0G3RL6,"Worn it many times. It is soft and looks great.

way too much green....not as pictured..

Now one of my favorite scarves. The color is as shown online and the scarf is very soft. Highly recommend trying one of these pretty scarves

Beautiful scarf. recommend.

Much more lightweight than it appears in picture, was not a loop scarf just square piece of very thin material

It's a little more brown than I expected but it's beautiful.

Beautiful scarf. Colors are rich and just as shown. It is lightweight, not really see through. Beautiful colors and I wear a lot of those colors so I was happy to find this scarf.

The colors are vibrant with green being the most dominant color. It's a lightweight scarf and will go with many tops. While I'm very happy with it overall (especially the price), I do have to say that the seam is not done very well; it puckers and that kind of cheapens it. Since I'll be rolling it before doubling it around my neck, it's nothing to be concerned about. Overall, it's really pretty!

Color is not what I expected based on the photo. It is mostly olive green."
B01H0BN0ZS,The color is not as vibrant as in the picture-will return them. We just got back from Edinburgh and regret not buying more from the Calzeat store on High street. How come none of the beautiful jewel tone scarfs are available-do you have a catalog?? I need to return both scarfs-cannot seem to get it right on the return site-I want to return them both!!
B00MS58EH6,"Well made

They are very beautiful and my friends love sheep

This was MUCH darker, navy in person, NOT the color in this pic. VERY FADED printing. Thin, cheesy looking. It was supposed to be a gift. Ugh. No way.

As with other reviews, does not look anything like the picture, just white blobs. Looks like fabric print for sheep design never finished. Very disappointed.

I ordered the denim blue because the picture looked cute. Yikes it is not. This is a dark blue that doesn't even show the black parts of the sheep. It looks like white blobs all over the scarf which maybe could be cute, but isn't. Sadly I'll just keep it because it came from China but this will definitely be the last thing I order from the seller.

I thought the design was adorable, as I love sheep, but the ""denim"" color is not as expected. It is actually a very dark blue, which means that the black parts of the sheep don't show up. Instead they look like little amorphous white blobs. Not exactly what one is going for when one buys a sheep patterned scarf. The scarf itself seems to be decent quality, and if I hold it up to a bright light the print looks fine. Not sure how the other colors would look, they would probably be ok. Since the price was very reasonable and it shipped from China, I'm just going to bite the bullet and pretend they are clouds in a night sky.

It is cute. Not super high quality but certainly worth what I paid. And it's not going to be used as warmth while climbing Everest. The product also matched the review for me - I didn't have the color issues I saw some others had.

So cute. I bought the gray and turquoise...love em

I LOVE this scarf! It's SO soft, the pattern is way cute (although a little tough to see since I got the teal color, which makes the black parts of the sheep difficult to see), and it's SO much bigger than I thought it would be given the price which means that I can tie it a bunch of different ways. I will be wearing this a lot!

I was VERY disappointed with this scarf. It does not look at all like the example featured in photo on Amazon. Photo shows a light blue scarf with cute little sheep design print. Scarf I received, today, is a very dark blue and the sheep imprint doesn't even look like sheep! Because of the dark blue fabric, the black face and legs of the sheep don't even show up -- so it just looks like a bunch of white puffy clouds on the scarf! I'm going to see if I can easily get a refund and will send it back. But since it shipped all the way from China... I have my doubts about the process being very quick or easy.

I'm keeping one, but I'm giving the other to a friend who raises sheep. This is light and airy--a perfect year-round scarf. It's larger than I expected, which is a plus. And for some reason I cheer up as soon as I put it on."
B00J8AH3FS,"Very nice!

i have tons of scarves and this one just got to the top list of my favorites. super light but big enough to tie different ways. it does smell like the plastic is comes in but one hand was in cold and it comes right out

Nice

pretty good quality and very cute. loved the colour and the lightweight material, exactly what i expected i'm very pleased

Fast delivery. Very pretty print. Light weight. Great for cooler spring evening events. Wide enough to go over shoulders and use as a very light wrap. So many fashionable ways to wear. ONLY THING, I received one with a hole in in, an oversight I'm sure; BUT NOT PROBLEM, seller refunded entire price & then left me keep scarf without returning. EXCELLENT customer service, so I'm going to break out my needle & thread & sew it! It's a very beautiful print. Would definitely buy from this seller again.

Nice light cotton blend. I bought one in green and pink and was very happy with both. Large enough to tie into a vest or use as cover up. Loved these.

A little thin for my liking, but it will be great in the summer months.

This was a gift and the recipient has expressed pleasure. It was soft and the color delicate enough to be a useful accessory. It was good value for money.

This is a okay scarf. In the picture it looks more blueish, but its a lot paler green than I was hoping for. Still I'm not totally disappointed.

Love the scarves! Great size, lightweight. Great for fashion addition. I ordered 3 different colors.

Such a pretty scarf. My scarf looks exactly as pictured. Love it! I ordered two other colors.

Wonderful large scarf. Soft and light weight. Color is beautiful. I have hand washed this as it seems delicate and it was fine but I had to seam out a few wrinkles after. It was perfect length for wrapping around the neck in a stylish manor. I would buy this again. I want to get other colors. Delivery was fast and without any issues.

What I got was a sheer piece of cloth that was definitely not a scarf....not happy.

This looks extra long and very full. Barely comes to your waist once wrapped around your neck. It is rectangular shaped. Nice fabric though

Beautiful! Graceful. Wonderful color. This scarf was worth more than what I paid for it. I may buy a bunch and give them as holiday gifts!

I love this beautiful scarf!

Thin fabric, color not as shown, but pretty just the same

love this scarf...

Exactly what it looks like! I love it!

I wore it as soon as it came in the mail. Wraps around my bdy so well. Lots of compliments.

This is a very fashionable long lightweight scarf that can be worn many ways..quite a bargain

Such a deal, works with lots of things, bought green one and blue, versatile and compliments, right on

What I received looks nothing like the picture.it was a gift that I'm now stuck with.won't buy from this vender again

Very pretty. I like it.

Love this. I get many compliments on it.

It's pretty but I thought was more long.

A lot of scarf for little money. Goes and flows with anything

Love my scarfs and giving them as Gifts!

No where close to as full as it looks on mannequin.

Very beautiful. Thanks .

Cute Cute

It's beautiful and versatile love it.

Pretty scarf, very wearable, easy care. Great value

This was much nicer than expected (for the price). It's soft, fine, a lovely color and a perfect size for all uses.

Beautiful scarf, lightweight, hands nicely. It is more of I a mint green than teal, but still lovely. Vender shipped much faster than expected!

It was cute enough but totally not what I thought I was buying based on the picture.

Loved this!

Funny colour green, more turquoise green, soft and long enough.

Cheap looking scarf.

Nice and attractive combination of colors.

Cheap cheap cheap! Looks cheap. Paper thin.

Beautiful scarf for such an inexpensive price. Debra McDonald

Love it

My wife loves it

Its a large size and wonderful for cold rooms or auditoriums. I like it.

pretty color"
B00BA1KHUG,"Scarf came withing 2 days. Looks just like it was pictured. I am very satisfied. It's become a staple of my wardrobe.

bought this as a gift but kept it in the end because it was so beautiful. very warm. comfortable and soft texture

Loved this wrap!! Big enough to cover the top half of body like a blanket. Attactive and stylish, a great buy for yourself or someone special.

Beautiful colors, soft to the hand. Large enough to cover the shoulders and tie in front. This was for me and I love it.

Can't beat the price for this item offered by this seller. Fast shipping. Even tough it clearly states that the material is viscose and not real silk or pashmina, it is very soft and the colors are as pictured......The length is as stated and not for someone who likes longer scarves or stoles..Will order more colors in future....Also, I like the fact the seller offers free shipping which is just great.....Thanks.

This really isn't Pashmina as in cashmere wool, but it is still a really nice and large scarf. I really like it and now have three in different colors. You can wear a super simple shirt and pants, but it really dresses up the outfit with this scarf.

Great scarf/shawl. Thanks

This shawl is everything and more than I expected. the colors are exquisite and the softness feels wonderful around my neck and shoulders. I'll be ordering another, and so will my twin sister!

love love love it... want more colors!

Bought the brown and grey combination. The picture looks good with the pattern understated and tasteful. The actual scarf looks like a gunny sack with a feeble attempt at a darker brown. No point returning this as the shipping will cost half the price of the scarf. This is the first time a scarf has turned out to be disappointing - may have to be more circumspect going forward. The other colors may be better as evidenced by the reviews. I doubt that I will wear it - an everyday scarf should brighten your day - this doesn't.

Christmas Gift

The item does not look as advertised. The colors are not the same and the effect is the Layer Jacquard looks shipper.

Beautiful item, warm and elegant.

Really beautiful scarf and looks amazing with the dress I bought it for. I also bought the dark red(rust) and black just because I liked it and it's gorgeous. Both scarves match the photos and are very well made; very soft and no wierd/stray ends. A few more colors caught my eye as well, I can always use more scarves right?

It's beautiful, soft, and warm. The colors are deep and the design is an intricate and lovely tapestry, expertly executed. I love it.

Beautiful scarf

I ordered this as a gift and was very happy with it. The recipient was thrilled. Nice size and feel. I wanted to keep it. Oh well

Beautiful and easy to wear. I love this scarf. Wish I would have bought another in orange.

She loved it! Yea!!

Beautiful and soft. Would like more of these in bright colors.

Nice material. Color brighter than expected. Too flashy for an old lady.

Does not look like the photo.

I bought this in teal with the lighter beige overlay for my mom for Christmas. She absolutely loved it! It's soft and the color is just beautiful!

Great looking with great cost.

Beautiful shawl/scarf. Fabric is warm and soft.

Exactly as described. Thank you!

Beautiful. Actually, for the price, it's simply stunning! The colors of my actual item match very well to this photo. It's even reversible, a beautiful wheat-gold shade with peacock green accents. I absolutely love mine. I've bought several others from this company as well. Very pleased with all!

Really nice woven quality. The color doesn't work for what I wanted but it will dress up jeans this fall.

I bit thinner than I expected, but very pretty.

I was so excited when this item arrived way sooner than the delivery date! Color wise, looks exactly as it does on the website. A little thinner than i had hoped but it's great for the price. The turquoise looks so beautiful against the gold. Will add a state"
B00PRRKF4C,"color not like picture, also looser knit than picture"
B00M2CX9KC,"This scarf is not as long as it appears in the picture. It is also not the color shown in the picture. The color shown in the picture I would consider to be a ""true gold"" the color of the scarf is more of a faded/greenish gold. I'm not returning the scarf as it is not worth the expense since the scarf was $4.99. The knitting on the scarf is very pretty, that is the reason I am keeping it. I may never wear it or I may give it as a gift."
B00GB5KEIQ,"Was disappointed that the color is completely different than the picture. I've seen the scarf in the picture, in person. Should have bought it when I saw it in the store."
B015K193WY,"Love it. Will be getting another.

Super cute. My 8 year old daughter wears it & loves the compliments that she gets. Its super warm too!

Love this hat, very comfortable, does run big fits both me and my 7 yr old son It is the only hat my son will wear

My 4 year old and his 17 year old sister both fit the knitted hat and loved it.

AWFUL! It is nothing like the picture. A very cheap attempt on replicating. Color is bright orange (like a prisoners outfit), it is huge (would fit two kids in one), and the details are nothing like this picture. An absolute fraud!

So stinking cute! It fits me just fine and my daughter LOVES LOVES LOVES foxes and this didn't disappoint. Great color and super soft. I'm excited for her to wear it out in the snow.

Very impressed!!!!! Came two weeks earlier than expected. The quality is beautiful!!!! Much brighter in color than the picutr. We ordered the fox one for my daughter who is 5. She's so happy. I'm so happy I'm gonna order the grey one as well. We live in Oklahoma where is gets very cold. It's great for this kinda weather. Thank you so much!!!

I bought this for my 2 year old and it fits my husband.

Actually pretty cute

Cute but very bright orange (not rust colored as pictured)

I loved the look of this on the picture, on arrival I did not love the large Made in China sticker plastered on the bag. Maybe it stated that on the description and I did not notice. Won't have bought it had I known and it certainly ruined the look for the gift it was to be.

Very cute

Love it

Cute, much much brighter orange though. More traffic cone orange, but other than that cute and fits and is very cozy.

We got one orange color for my 2years old daughter for Christmas .The hat is really good quality,great color,good stretching(I tried to put it on me and fits. Anyway, my husband told me stop doing that, otherwise it may be too big for my baby girl. The hat is super cute and My daughter loves it !! Yes, I will recommend to people who likes the cute fox hat.

Great hat for the value. Looks handmade. Runs large so a small adult can wear this also. Seems very warm. Super cute and a great value. I purchased this for my mom for the holiday and she LOVES it!

This is a total and I do mean TOTAL copycat rip-off of an indie designer's work. She goes by the name of Velvet Acorn and her knitting/crochet patterns are up on Etsy and Ravelry.com (see attached photo for evidence). I can guarantee they are not licensed for production at $10/pop from some random startup on Amazon. Please do not support the theft of others' work. Yes, it's an adorable hat, and your child will surely look adorable in it... but please think beyond that. Supporting these rip-off ""artists"" just leads to them doing it even more. I'm not affiliated with her in any way, but if some random operation was taking my creative work and turning a profit off of it, I'd be livid! If you HAVE to have it, buy the pattern from the creator and ask one of your grandmas or cool nieces (or nephews!) to knit it for you. Hell, I'll knit it for you!

It's adorable and thick and well made. I'd wear it all the time but you know, Arizona. My husband says it's the awesomest hat I ever bought (with a big grin on his face). It's roomy but wearable for my 10-year-old and fits me too. The youngest just gets lost in it. Warm and cute and a great hat."
B016COE8M8,"Received order promptly and love it! It is true to size and beautiful.

Color was darker than shown and the fabric was flimsy. This was the lowest quality item I have ever seen for that price. This is awful and the return process has been the only enjoyable part of the transaction."
B0161N65M6,I bought the black and green grass scarf and it was not the same color as shown in the picture. The picture is very deceiving. The scarf I received is a dark hunter green color.
B00A2CN9NQ,"The hood and quality are fine, however the color was not the same as in the picture. the pcture shows pink ears with gray paws, the one that came had red ears and black paws that you could hardly see on the black fur. disappointed, but if you don't care about the color it was fine.

This hood came as it said It looks like it does in the picture and its super comfy! :D I love it!! Its so cute!!! The fur on the hood comes off a bit.....but it still cutie soft hood! and i am sure any neko lover would love it as much as i do! :)

Better than expected. Has hidden zipper in the scarf section. DO NOT PUT THIS IN THE DRYER. Must air dry. If you do expect to lose some of the ""fluff"" My daughter absolutely loves it.

I bought this for my 12 year old but it looks awesome on adults too! Very well made.

Fit as expected. Wished it had a button at the neckline to close it tight to your head.

Daughter loved it!

I thought it would be softer

CUTE! Used it for a Halloween costume and it was very warm!

Very cute good fit. Better quality than the bear

A little big but otherwise a nice warm Halloween costume for my kid.

some differences between products...some of them are stitched better and have an extra little hiding pocket in the paw, which ours did not, but still it was made well and is so much fun!!!

My daughter loves it. She gets compliments everytime she wears it."
B00OZA0ITY,"Exotic and eye-catching. I love it!

Beautiful scarf, a fabulous bargain!

I purchased a bunch of these to give as gifts and all but 2 were good. There were 2 purples that were not the same color as shown and the pendant was not matching. Colors were all wrong. Tried to get money back but still haven't heard

Definitely looks like the picture but cheaper in person. Material is that of a tee shirt and the beads and such are plastic. I'll probably wear it, but feel slightly grandmaish in it

The pendent is pretty, but the shawl is not. I have however decided to keep it. Tie the shawl around my neck, then cut the rest of the shawl off and wear it like a necklace. I might even go get the hardware for a lovely clasp. Or just cut the ends off and make fringes.

Very pretty

Love it, beautiful color !"
B00NUGDE4U,"Very nice, good quality but when they say Thick, they mean it. Little too much for an 11 yr old.

Beautiful

I absolutely love this scarf! I purchased this for myself and as a gift. Both of us use it regularly and really enjoy it. I love that it's wide and thick. Cute and functional.

The color is not as pictured. It is a weird gray with patches of discolored bluish, greenish, etc. gray. Will be returning. It also smells funny.

Perfect"
B01GJC2BJA,It's so beautiful! I can't believe it costs so little.
B00FGFQ7SI,"This is quite long and big which is good. The fabric is soft and doesn't get damage in the dryer. You can even use it as a cover when wearing a swimsuit. A good buy.

This looks like it would be blue and gold but it's teal and gold. Blue is a good color on me. Teal, not so much. It was cheap enough to not bother returning it. It's a shame because it would be a nice scarf if the colors were as shown.

Love this scarf! I get so many compliments on it. Could easily wear this fall through spring. I would definitely purchase from this seller again. No complaints.

I recently purchased this scarf for my wife as a surprise to go with a long black dress she was wearing for a special occasion. Well, she loves it. She remarked on style and color as perfect, high quality and loves the softness of it.

This scarf perked up my all black travel wardrobe considerably when I traveled to a city that is much dressier than mine. I have washed it after wearing it several times and it still looks great. It's long enough and wide enough to wear several different ways."
B00P7RDZM6,So stinking cute!!
B005Z6CEE4,"ordered this for an outdoor fall wedding. It was perfect! Slightly heavier, due to the beadwork, than a regular shawl and I did appreciate the extra warmth it provided. Superb workmanship!"
B016CX7ZEC,"NICE!! SOFT ,, IT WAS A GIFT ,, HE LOVED THE SET.

Was told my son loved them.

Great Item Great Seller Great Deal Lightning Fast Shipment Class A +"
B014779X3Q,"I do love the stitching on hate. It's very hard to find a scarf for a little boy these days, so this is a great product and good quality. It just runs a little small."
B00QNESUIQ,"returned

I bought this for my son, cause he has been looking for this kind of Winter Knit Scarf Beanie Gloves Set for a long time, it arrived on time, he can't wait to put them on, they fit well and soft. I suggest this as a Christmas git,if you also want to buy your boy something."
B00O4BZELG,"Great buy for these cute scarves which make any outfit more special!

Gave these to my bestfriend as a Christmas gift! They're super cute and she loved them!

They are kind of short but are very stylish.

I thought the material would be a bit thicker.

Quite thin, but this is what I was going for. I ordered them for style not warmth."
B008UWO2Q8,"I had to air this out when it was first delivered. While I like the scarf, I wish it wasn't so full. I prefer one not so bunchy.

I fell in love with this scarf and had to get it, and I did. I now have one in each color! They are very beautiful, not too light-weight and not too heavy either. All three are a great addition to my scarf collection!"
B00WZZKP4O,Haven't used it yet. I like the color and style but it is a bit heavy without anything in it.
B017YTPEOQ,"My mother loved them. Very very soft.

This is a very beautiful scarf/shawl. The 2-color combination is stylish design and good accent for casual or dressier wear."
B01BWMIWT0,"This is a huge, cute infinity scarf. Its a slate, concrete sort of gray that you wouldnt think would be so attractive, but really pops with the bright yellow of the daisy. The daisies are big, almost three inches from the end of one petal to the end of its opposite on the other side. The scarf itself is big enough that holding it from my shoulders, it goes all the way down past my knees (roughly measured, something like 34 inches wide by 38 inches long). The fabric is semi-sheer and very soft, 100% polyester. Because of its simplicity and neutral print, I expect it would look good on anyone. It is well stitched and constructed. The thread is the same gray as the background. There are no dangling threads or pilling or rips. I think its a sturdy thing. Im not worried about damaging it or having to treat it with delicacy. Its a great cool spring or early fall scarf, and it could be worn in winter too, in part because of its size. You just bundle up in it. Its big as a blanket. I received this daisy scarf for a discount in exchange for my honest feedback, but my thoughts are my own. I shop on Amazon all the time and rely on honest, thorough reviews. Thanks!

This is a lovely scarf...can be worn so many different ways, and can be made 'dressy', or more casual. I love it!

I love this scarf! I've gotten compliments on the pattern, and I love that it's got volume, not like a lot of cheaper scarves that are so thin.

Nice large scarf. Very pretty print and nice sheer material that could be worn year round. A must for the daisy lover.

Beautiful scarf that came in a protective vinyl package. Perfect gift for my niece named Daisy!

I thought I wanted this in black but the grey with the Daisys is perfect. It is so light yet warm in chilly weather.

I love this scarf! Sunflowers are my favorite. And this captures beauty all in one. It is not a very heavy scarf, but looks amazing paired with any color. I am wearing it for our engagement photos soon, it is a beautiful accessory for sure.

I loved it for the 2 hours I had it. Then my daughter saw it and out the door with her it went. Now she loves it and wears it all the time.

I have decided infinity scarves are the way to go for those of us that are useless at trying to tie a regular scarf into those cute neck wraps I see on YouTube. I just have to hang this and it looks great. The colors are subtle and neutral enough to go with most any solid color sweater, etc. And the weight is not too heavy - so it does not feel like it's too much. The flowers are very cute.

Love it. Came as described and fast shipping

Sheer and pretty!!

This scarf is so beautiful, I wish it was a blouse!!! I wear this over everything. I've worn a Cami with this draped over my shoukders. it's an Infinity scarf but it can be worn like a off the shoulder shawl. the ""cold shoulder"" look is all the rage now. put on a white cami, drape this over and you have a gorgeous look! The material is so light, so soft, so almost gauzy. It's sheer but not so that you see through it. I would describe it as a super fluffy Georgette. It's just really soothing to me to wear it. My son even touched it and says how soft and pretty it is!! :) The cost are a soft dive grey with the white and yellow daisies and they absolutely go with everything. I would and do wear this with everything. Its been warm here in NY in the day, but at night it's been cooler and I've loved to have this on. I will wear this all the time. It's good for casual looks with jeans, or office under a suit or even under your coat. It's too pretty to hide though! I chose this and purchased at a promotional discount so I could leave my honest view and experience with it and truly this is a outstanding scarf. This would make a great gift too!! Surprise someone!"
B00Q4TG5WI,"good product

Very pretty coloration but...This collar was much smaller than I thought it would be and was to tight to wear comfortablely.

Don't waste your money, it will shed hair, it will smell very bad...you will wash it and it will fall apart....bad"
B010NEP9P8,"It was really nice full of colour and soft, perfect to protect your hair."
B0187Q959A,"Prompt service, and the owner sent me complimentary socks with my order. Nice touch!! The colours are a little on the feminine side, but thick, soft and good quality item!!"
B00GNJBCWM,So warm and comfy. And cute! I absolutely love this.
B00RD5RFNA,"This the best scarf for this cold winter.

Says it's 55"" long...more like half that... it's pretty small. It's for a small child

We bought this for our daughter-in-law for her trip to Canada. It was part of her Christmas gift. It's not the ultimate expensive quality but for the price you can't beat it. She liked it. And looked really cute with it on."
B00JKPD0FS,"I like the scraf --it's a gift for my daughter. I would have love to see more red/white stripping vs majority of the scraf being blue with white stars.

Too big to do anything with, unless you are a genius with scarfs. Also, it is silk, but a strange, thin weave that dulls the colors. Too much hassle to return, but I've tried giving it away several times with no luck!

This was a great buy! If you're patriotic...this is a must buy!"
B0192OT2CG,"I love this pug scarf...especially the color.

Purchased as a gift. The color was nice and the pugs made her love the scarf.

absolutely love this scarf!!

Perfect, this was a gift for a co-worker and she LOVES it!!!

Bought for granddaughter, she loves it.

looks cheap...

I wear this almost daily. I get lots of compliments. It is So Cute!

Love it

It smelt a little weird when it first arrived but other than that it's awesome! It's really long too.

The most adorable scarf I have ever seen! Lightweight, soft and covered with precious pug faces, this is a scarf that pug lovers MUST have!"
B00JSABFAC,Cute scarf.
B00P65DT02,"Beautiful

Like the merchandise but took way two long to come in over 6 weeks"
B00P606F26,"I wished it were a little shorter, but I still love it. The color is vibrant and lovely.

Quality just not good. The color is pretty, but that's all. Would not recommend.

Had snags all over it,looks cheap,did not fit well

Very cute. Took forever to get here though and it smelled really bad. But fits good and is really cute."
B00OUL75RQ,"VERY thin!

Love this scarf. My mom loved it so much she actually took it and now I have to get another!"
B00XVDKKWQ,Purchased this as a Christmas present for my sister-in-law and had to return it. The material is incredibly cheap and flimsy. The printed giraffes are barely visible.
B018NAB0DY,"Perfect

So warm and cozy. Very cute.

Really nice scarf but it's extremely large.

Awesome. It is true to color, thick and sized like a blanket. Comes with a slight odor that you wash right out. Definitely do not regret buying. Well worth the price.

Amazing scarf for the price!

Very nice. I need to figure out how to where it and make it look like the picture but can't wait

Love the material and print but it's more a blanket then a scarf, too much material. Kind of hard to wear

nice product

Gorgeous scarf. Just like the ones in the stores, except it is at least half the cost. Super fast shipping. Very pleased with purchase and will probably order more for gifts. This is a large (LARGE!) blanket scarf. I actually cut about 1/4 off the one side to make it less bulky and it is great. it has an unfinished fringe hem so it doesn't matter!

This scarf is incredibly soft, and the colors are gorgeous. I wish they had more colors to choose from. This will be great for winter/fall.

Love love love. Came as described big and cute!

This shows burgundy and blue in the pictures. It arrived medium brown and blue in the mail. It's not worth the cost of sending back, but you need a better color description. It's not what I wanted or ordered. Quality is ok for the cost. Disappointed."
B00P65DQ3W,"The color isn't as muted as the picture suggests, it's bubblegum pink.

the color does not match what is online. It was a bright pink."
B017RFQLHG,I great scarf. It's a good length and is nice a full. I'd say the quality is decent - like something you might buy at Target.
B012R58HX2,This is soooooooo soft!
B00EZG2RZ6,"Great scarf for extra warmth. Quality is good, price was reasonable.

A tad less fabric than I thought it was going to be, but it get's the job done. A soft scarf that's not too feminine or masculine so anyone can wear it.

Soft and stylish, I love it!

Fabric starting to loose threads after wearing on twice.

OMFG! THIS SCARF IS SO FREAKING SOFT! i would spend hundreds of dollars on this product! Very nice cashmere fabric and yes this is the legit stuff not some knockoff materials very nicely made and again its so soft! <3

I bought this for my 10 year old. He says it is soft, warm and not scratchy.

very nice

I had originally ordered for my son...but after looking at it...looks too feminine for a guy... will give to daughter instead...

these are soft yes but I think they are really for boys. very short.

This item really does feel like cashmere and is beautiful too. It is nice and long, perfect to wrap around your neck in the cold New Mexico winter."
B00C2S6SQ8,"I absolutely LOVE these slide bails and have made several necklaces more lovely by adding cross pendants to them, made them brand new again!!!"
B00U6CC9EM,"Fits my head perfect and is cute. Its got a bit of shine but I like it. And the color is a little more vibrant than the picture

Item just as expected - color is spot-on and very lovely.

Nice thicker chiffon scarf. Very cute as a headband.

Just as pictured and expected. Worked great for my daughter's '50s day at school.

Just what we wanted for our 50's party!

Just like Mom used to wear. :)

nice color

Perfect for barnacle boy costume!!!

I was disappointed to have them come in many different shades instead of one shade for our singers.[[ASIN:B00U6CC9EM Hip Hop 50s Shop Vintage Style Sheer Chiffon Scarf (teal)]. When a person orders 40 of them under the same number you would expect them to be of the same and the quality the same. Rita

Loved wearing this scarf to my high school reunion last week. Felt like a teenager again.

Love the color and the Fabric

Perfect size and weight to tie on the handle of my straw tote bag for a color accent.

Its shorter than I thought. It makes it harder to tie and it doesn't look as good as I thought it would. It's kind of a bummer.

just as described

Love this little scarf. It is perfect for a head band with short tails since I have a smallish head."
B016V4WAAG,"I purchased this scarf for my stepson as a gift. Its diffic to know what a preteen boy would like. I wanted to get him something he would enjoy, as well as something I can afford. He loves designer clothes. This was the perfect gift as it was affordable and pretty and it arrived quickly and packaged so delicately. I didn't order it to be gift wrapped, however the way it was delivered, it looked as though it was gift wrapped. He loves it and wears it all the time. Its soft, pretty and keeps him warm. Truly the prefect gift.

Love it

I love the color and warmth of this scarf."
B00O98K4FU,Came just as expected very nice scarf especially for how inexpensive it was
B0193HMHI8,My fianc loved it for Xmas
B014Z9J430,"Love this and the quality. Characters are so cute!!!

Love this scarf and can't wait to wear it with my Marvel Boots. It is super cute and a good length.

cool

A hit with my sister-in-law who is a Marvel nut. Gauzy material makes it good for year around wear. It is completely adorable and an excellent length.

This is so cute. It is beautifully made covering most of the marvel characters. A nice femine touch while flying your nerd flag.

I am always looking for accessories to show my love for all things Marvel. All of the scarves I have looked at before are wintery scarves meant to keep you warm. This is good for any season. The Amazon product image is very accurate. The scarf is brightly colored, with clear images of the Kawaii versions of Hulk, Iron Man, Captain America, Spider-man & Thor. I was disappointed that, once again, no Black Widow even though this is a product designed for women. What's not apparent in the pic is that the scarf has a sheerness to it - slightly see-through. It's very long, so it's versatile for tying in different ways or wearing over your head like an infinity scarf. Please see my pics. Overall, I love it and wish there were more like it with the comic and film versions of these and more characters."
B01EA6W1V0,not as pictured.....not pastel it's loud rainbow colors :( too long and too big on top very disappointed
B01H1VGTQO,Looks nothing like the picture
B009IIK9K6,"I like this skirt very much and it fit as expected. I am 5'1 and weigh 133

i ordered the mocha and wine color skirts, the mocha is a nice color though much lighter than the picture portrays it and the wine color is awfully bright, more of a red than a maroon look. the picture makes the skirt appear to have a lot of material though the actual product does not fall the way the picture shows - it is almost completely straight with an odd cut, not at all wide or with flair- if i would have known that this was the actual product i would not have ordered it - now i'm kind of stuck with these 2

Looks good when you first put it on. However, the waist loosens, and the skirt starts sliding down the hips. I'm 5'3"" and it was to long, until I washed it and put it in dryer. Afterwards, it was the perfect length, until I wore it a day or so, and it started finding it's way underneath my shoes. This will be in my ""only at home"" closet."
B00JW0F05E,"Love this bag. Perfect for toting items back and forth to work

Too big and it doesn't stay in shape very well. Had to return.

So not worth the money! Zippers not sewn to the bag and hanging off, unable to zip inner pockets or outer bag. I basically had to throw it out!

The long strap broke within a week

Perfect size and great color! Not too bright, looks vintage!

This is NOT a good product. It fades all over you and your clothes! Plus it is very awkard in shape. I would like to return it - but I missed my window by a couple of days. DO NOT ORDER THIS PRODUCT

What I wanted

I love this bag so much! Versatile and durable!

Broke quickly

Cute and stylish bag. Only downfall is that the zipper is jacked up and doesn't completely zip shut. I probably would never have it zipped even if it did.

Size is very nice, however, the red color is the typical cheap pinkish red. Also, I purchased this one especially for the shoulder strap and it broke the second time i took it out...use it for a diaper bag with cloth diapers and it works well, other than the above mentioned cheapo problems.

Not thrilled with design.

It's perfect !

Would be a nice bag if not for the weird zipper. It's not sewn end to end on the bag and it's got a ""tail"" that's about 4"" that just hangs there. The color is not exactly as shown either. i got the red bag but the color is more faded than the photo online. I'm returning the bag.

Love the color and bag but the shoulder strap has already broken, I've only had the bag for 2 days. Please send another!!

Strap broken item returned

not of the best quality. the clasps are flimsy. it is a cute bag for $20.

BMC always has great deals! Picture didn't do the purse justice.

Great for everyday and if you need extra space it's perfect for shows :)

I'm very pleased with this bag - I have been looking online at it for quite some time and finally decided to order it. I can see many uses for it - from a weekend getaway, shopping, traveling, or as a really cool purse.

Update 12/18/2015: The strap broke the fist time I used it, so I have to drop my rating down to three stars. I still love the bag, but the clamps are very poorly made and snapped almost immediately. 12/14/2015: Such a great bag!!! It's perfect for travel. Large enough to hold my neck pillow, kindle and numerous other sundries without being bulky. What the photos don't show is that there's a front zipped pocket large enough to hold an iPhone 6 Plus, the divider is also a zipped pocket, and the bag itself zips closed which was a nice surprise. The cotton material is thick and durable and the shoulder strap is adjustable. I purchased the Firebrick Red bag and the color is perfect! I love this bag so much I'm going to buy it in other colors.

The purse looks very nice. I really like the style of it. However, there was a hole in the outside zip pocket causing everything in that section to slip inside the purse. Additionally, two holes were inside the purse which happened within the first week of me getting the purse. The quality of the purse is not good. I am not a seamstress by far, but I sewed the holes close and have not had any problems since. Three holes in a purse is rather excessive for a new purchase.

the material was as expected, nice color, sturdy canvas, but its a really awkward shape, the zipper was sewn in crooked so it didn't close all the way, and the metal ring holding one of the straps broke on the second day of use, and it's not like I haul around bowling balls or anything. standard purse contents.

Onestly I love the bag...it is pretty big so it can fit a lot of things inside the bag...if u like big purses this is the one for you..and it's really pretty too..and the zipper they are ok...I read some clompleins on that... my zippers all of them they work fine... love it and it's on a good price...

Love this bag but strap broke first time I used it

Really cool looking, substantial & well made bag. Holds a ton. I could use it as a shopping bag"
B0179H7LQW,"Just don't buy it. It's litterally yellow. Looks nothing like the photo, paint job sucks. Spent my money on it just to give it away and repaint it for someone, then bought myself a perfect one.

Not very good material. Flimsy and didn't fit my face. Simply threw it out..

Very nice mask and very high quality! But is a little uncomfortable on eyes other than that it's perfect!

this mask is simply amazing. Made out of durable material and my grandson loves them

Product is good my nephew love it just the size they should have different sizes for kids overall no complain good quality

Now I can be Anonymous, too!

Nice

the elastic band on this mask is SUPER tight! I don't have a terribly large head either.. I ended up replacing it with new elastic. Meh, it's a mask. It looks how I wanted it to look, and it stays on my face [now].

My son watched V for Vendetta and wanted the mask. He searched out Amazon and found this mask. It was significantly cheaper than some of the other similar masks. He picked this mask based on the lower price. We use our Amazon Prime account so we received it quick. When it came it was a basic plastic mask. It wasn't the highest quality but it made him happy. He has it hanging on his bedroom wall. It might not be one of the higher quality, more expensive masks but it still is pretty nice for the price.

I don't know how anyone can wear this. The eyes push into your eyes and you can't wear them and hope to see anything.

As pictured, glue in some black panty hose over the eyes for better look

This helps with the fun factor on Omegle. Worked.

Good quality mask.. Made out of durable material and I love it. Thanks

:)

Paintv was chipped upon arrival.

great product and very durable. Worth the money

Just like the movie!

It works if I'm going to wear this for a 10 minute prank on some kids, maybe during halloween or April fools or something. As a costume, personally the eye-holes were wayyy too small and were hard to look through and keep my eyes open for. The quality is also pretty cheap, its just plastic. Other than that, decent mask.

cheaply made didn't fit all faces 1/10

Great quality thick plastic and painting on mask. even has a little foam piece on the forehead so that its not stuck directly to your face

is what its supposed to be

Ok

It's not the mask I wanted, but it's better than I expected. Plastic but not crappy at all. Shipped the same day I ordered it and arrived in a timely manner. It actually looks much better than the pictures currently provided, probably because it's the official V for Vendetta mask instead of a knock off. This will serve me well on November 5th in place of the resin mask I wanted to get. I will probably edit this after November 5.

great quality

Do not drive with this on. Po Po gets mad

Too tight, over priced for the quality. The color is nice but the material seems like a two dollar mask."
B01ENK56UQ,"this shirt run small

Awful! Material was not as described. It was some cheap type of material and it was extremely poorly made. The picture is deceiving!

The shirt is cute but runs small, maybe you would need to order two sizes up than what you normally are :(

Nice prize too small and I ordered an extra large is still too small because it's very cheap

It runs extremely small and is make out of material used for costumes. Its thick and very shiny.

These are Chinese sizes so the large I bought for my sister ended up being a gift for my 12 year old daughter. That aside, she LOVES it. So it still gets 4 stars.

The material is extremely flimsy almost as if it is disposable."
B00VH1QIFM,"Would have been wonderful if i hadnt received such dull boring ones. I also only received 6 instead of the stated 7 for some reason! And one of them was shattered looking on its front size so was completely useless for my needs :( . The other 5 were nice just hardly any flash to them at all but i guess you don't always get lucky. I have ordered from JIC gems in the past and my last order of 5 labradorites were beautiful . So in conclusion there are great batches and very bad batches, i got a bad one this time around. It's a gamble it would seem.

Really disappointing that every piece was under and inch when that's not what the description says. Stones are pretty and shipping was fast so I'll probably order again if my customers ask for finger print sized (I have tiny hands) stones but I doubt it. Pretty sad since so many reviews state they got different sizes, guess they bump all of those reviews to the top. Literally so small I almost threw away two because I didn't even see them in the box.

Great stones. Different sizes and shapes for wrapping. Good price. Highly recommend.

BEAUTIFUL! Nice thickness, shape, and color! Many different sizes. I would order again.

I have ordered these 4 different times. Each time you get different sizes and shapes. I have gotten 1 pack with all small 2 packs with all large and 1 pack mixed. So you never know what you will get. A couple I have recieved have very little shine but most of them glow beautifly. I will continue to order from them.

These I say are plastic! Why do I say this? Because some of the color came off.

The assortment you receive range in size from small-medium-large. I've ordered 3 times so far and each time I have been very happy with the quality and assortment. Most of my crystals have been very fiery with lots of deep blues, I drill them and make necklaces and they are turning out really beautiful! See photo:

All stones were nice and a good size. Shipping was fast. Would order from them again.

LOVED THEM

Perfect...I love these....can hardly wait to start designing some jewelry with them....thank you guys so much for having what I wanted at a very reasonable price!

Great stones, and arrived a lot sooner than the estimate. I live in Hawaii, and received them in less than a week. Beautiful

I absolutely love my labradorite gemstones! I even got them earlier than what the arrival date had stated, which was absolutely fantastic. I have already made a necklace out of one of the stones and it makes me so happy! It is a very pretty gemstone as well with its dark rainbow-like colors.

Like the other reviews not all the stone are real blue mostly gray!

They arrived faster than the shipment date given and I was really impressed with the quality!

Gorgeous, but for some reason I thought they were pre-drilled. They are not.

Incredible quality, with but one slightly cracked piece.

little to no flash - VERY dull. Just polished stones and no shape to them like the photo & don't recommend since you dont' know what you're getting. Will not order again.

Hardly any color to these cabochons. Definitely nothing usable for wire wrapping.

All 7 very nice size, beautiful color. Great for wire wrapping

was hopping for more blue instead of gray smoky ones

VERY BEAUTIFUL PIECES! LOVE THEM!

AWFUL. Not as described AT ALL.

Unfortunately, these will not work for what I need and I will likely need to return them. They look MUCH different than the photos and are tiny little pieces, all under an inch. Based on the info on the sale page, I thought I would be getting an assortment of sizes ranging from 1 inch to 2.5 inches, but the ones I got are all very small. I wanted them for wire-wrap jewelry, but these are too small. Trying to figure out if I have another use for them. Also, the stones are covered in a weird sticky/oily film! No idea what that is.

If you get one really nice stone from this order, you have tripled your money. This is a really inexpensive alternative for buying laboradit"
B00W1JN3BQ,"I ordered a me

The bottoms fit fine but are not as high waisted. Also, the top is not boxy like in the picture, it's basically a tight crop top. The two are cute as seperates but on someone who's my height (5'7"") they look awkward when worn on the same time. I'm not going to return it but I wouldn't buy it again either.

Its not exactly like the picture, but for the price you cant beat it! im 5'4 130 pounds and the 8/10 fit perfectly. The shorts are not as high wasted as it seems, but its still wonderful. Glad I purchased.

This is more suited for teenagers and/ or women without butt. I am 5'6"" 135 lbs. It rides high like just under my butt. I wear it around the house

Really cheap material. I ordered a size up (I'm between small/med) and I got the large. Still to tight. Even if it fit right I don't think I'd wear it anywhere other than the beach because the material is so cheap.

Very nice

It was a little too small even tho I order my size but everything else is great

The top is to short, not as shown as the picture

Came about a month early than expected which is great! Fits perfectly. Shorts are baggier on sides than i thought but i love it. Im usually a small & ordered a large. Im 5'3 & 110 lbs. & its great! I highly reccomend it.

Got lots of compliments....

Way way way small. 8-10 is more like 0-2

Love it ! Get compliments every time :)

it was too small but aside from the size i liked the outfit"
B00ZQ7K4X0,"In the photo the dress is looks grey but when I received it that part in the pattern is navy blue. I still like it. And love the fit just not the color I ordered.

Love love love this dress. It's flattering and is actually long enough even with my bump.

I was pleasantly surprised how well it fit and how nice the material felt. I was afraid it would be cheap looking and feeling but that wasn't the case! I'm even considering buying another one!

Wore it at 37 weeks pregnant. Fits perfectly. Fabric breathes enough for the California summer.

Fits everywhere else... just runs a little small in the top area !

I have ordered this dress in other styes now as well. I live in Texas and I am currently pregnant with twins. This dress isn't too low cut (I am a DD+ now), and also on the shorter side at 5'1"". While the dress is long, I am not tripping on it. I have gotten several compliments on it.

For the price - it's a great value, but quality leaves a little to be desired. The style is adorable and fits well. The fabric has started to pill after only 3 wears and washes.

I love this dress, the material and the pattern. My only downside is that my chest doesnt quite fill in the top part so it is somewhat loose and almost inappropriate for me to wear to work, which is the reason I bought it. Other than that, it washes well and I hang dry it, but I've noticed some fading after a handful of washes. Still one of my favorite dresses!

Dress was a little short and I am only 5' 3"". Good quality.

Great dress!

I like the dress but the top part is NOT suitable for small framed, busty women. I'm only 14 weeks but ordered this while it was on sale. I normally wear a size 2/small, 30G bra when not pregnant, though I'm not that far off from my pre-pregnancy size at the moment (currently not quite fitting in my normal jeans and a size 30GG chest). This dress did not even come close to covering my chest. My bra was either showing 2 inches on top or it looked like the seam at the waist was cutting my boobs in half. I will definitely be returning this.

Love it!

Beautiful dress. Flattering cut. A little low for big busted women but still super cute!

LOVE this dress. Fits like a dream and is very flattering (which is difficult when you are 7 months pregnant!) I'm wearing this for my baby shower :)

This dress is ok to kick around the house on weekends, but not really suitable for leaving the house. I'm 5'5"", and it is short -- ending an inch or so above the ankle. (Plus, at 7 mos pregnant, I'm still showing fairly small, so my belly is not lifting it up as much as others who may show more). That's not terrible, but I don't think it's the look most people are going for with a maxi dress. More significantly, when people say it is low cut... at a C cup, it was so low that it was a little embarrassing, at least for me, but others who like to show a lot of cleavage might be okay with it. Now that I'm a D cup, it just barely covers the nipples. And I mean barely. I've worn a black camisole underneath it, or a t-shirt on top, but that really shouldn't be necessary. I should also warn that with one wash, the pattern on the bottom has already become noticeably faded. I think it's very pretty to start with, but I think it will look very worn in just one or two more washes.

Bust is way to small and length was to long!!!

Love it! So comfortable. Nice light material.

This is a very nice dress. The bottom is not see through at all, as some have said. The length was perfect for my 5'4"" height. However, the top part runs very small. I'm currently 34DDD and ordered a medium based on reviews. The top portion can probably accommodate 34D at most, with maybe a tank top underneath for modesty. In my case, it literally covered only half of my chest. It's a really cute dress, but sadly this has to go back.

Not a bad dress, quality seemed to be good and websIte description was accurate. I didn't end up keeping myself, though it may work for others just fine.

I was look"
B00ZC70YZC,"This shirt was very small and VERY cheap material not ordering here again!

Great price and my daughter feels very sexy wearing it. It did take around four plus week to get here, but the smile on her face makes it five star all the way!

The quality is cheap. Not what I was expecting looks a lot better in pictures.

Bought for my daughter, Does not fit how it should at all

There's a first for everything, and this is the first purchase I've made w/ Amazon that disappointed me. Lesson learned; read the reviews. Its a product return for sure.

Fits small. Fabric lace sticks out weird. I wouldn't buy it again

looks diff in person sucks

Excellent tem and service

its not exactly like the photo

Horrible shirt! Awful material!!! Very cheap!!! Don't even want to give it a single star!!

I usually don't wright reviews but this shirt its ugly. Nothing like the picture. The back is no where the same as it shows on the picture, not low, all loose, and all over the place. DO NOT WAIST YOUR MONEY ON THIS!!!

It's Deffently not what I expected. It's cute but doesn't look like it is in the picture.

I have to lie about this too large so I can write a review and let other people know, please don't order this, not fit it all, and looks ugly, white part on the back is flip. Not look the picture at all.

Unfortunately this shirt was way too small upon arrival.

Did like the fabric

the 'white lace' on the back is sticking out which I don't like. otherwise it would have been a very nice top...

It's not what you see '

Is not like in the picture this blouse is really awful

I have a wide shoulder range and it made it to small so I suggest u go up a couple of sizes but its really pretty tho

The worst shirt I could've possibly bought... It's tiny, looks nothing like the picture. I will NEVER buy this or anything like it again.

I am 26 yrs old, 5'4"" and weigh 170. I ordered a large and this shirt could fit my 16 year old sister but would still be short. The pictures shown on Amazon don't represent this product at all. If it wasn't so cheap I would be sending it straight back to China.

Not like in the picture. Short, back is much higher and front almost chokes you out.

not true to its size

Nice

I don't like it, too thin, cheap material.

Horrible!!!! The material feels itchy and rough. It doesn't fit anything like the pic online. It won't actually stay up on my shoulders. It just falls with movement. And there's a rip in the lace.

This is terrible. Looks nothing like the photo. So cheap. And is quite ugly in person. It fits a little funny as well. Don't waste your time on this product.

this shirt fits well. i am a petit girl so i can wear it well everyone thats saying bad things about this shirt and it doesn't fit and its too small its because their too big..

Not exactly as shown in picture.

The arms are too tight and the back lace is all messed up I tried it on once and it went straight in the trash

Doesnt fit as it looks on the picture.l bought the shirt because the back is the but its doesnt fit me as shown

Super cute shirt!! Fits perfectly. Not exactly like the picture but still worth it."
B019E0UPEM,"fit perfectly. im 125 lbs and 5""5. i don't like the material tho

Nice length. very fitted.

Whoever said these run small is afraid to admit their true size and probably buys clothes too small for them anyhow. I'm 5'6 and 133 lbs and I purchased a medium which fits absolutely divine. What a beautiful dress

One of the few items I've ever had to return on Amazon. Shorter than pictured. Main issue is horrible cheap/super thin material which would likely easily rip! Def good for a costume, not ok for an office.

fabric not as described, not for office very thin and silky.. iddn't expect that.

This is perfect for a halloween costume. Its a jersey material so it stretches. The sleeves are short. But it is true the photo."
B01FZ00NVU,"Looks different from the picture,the fabric is really thin and flimsy the tie around strings are too long and look funny,i would only wear this in public as s costume (rave) ,honestly too revealing because of the thin material its made out of"
B00JLCP4KO,"Notwithstanding the beadwork at the top, this dress is nothing like the picture. My dress came in white and black not cream and black as pictured. Also, the fabric is super cheap on the bottom and has little threads coming out already from the bottom seam and I just received the dress. I paid for expedited shipping and it came almost 2 weeks later. Well my event is tonight and after receiving this dress in the mail on Wednesday, I had to take a day off work to find another dress for my gala. I now have paid for two dresses and spent time that I didn't have. This is why I shopped for a dress on-line in the first place. Anyways save yourself the hassle and time and do not buy any gowns on-line. I went to a large retailer (higher end) and got 20% off and the selection of dresses was incredible. So, I paid around the same price for my new dress.

I can't say enough about the excellent customer service I received. This seller asked for my measurements, including my height so that my dress could be made to fit and it certainly does! It arrived today (a day ahead of schedule) and it looks exactly as the stock photos. It has many layers, which surprised me; it feels like a much more expensive dress. This dress is gorgeous and I couldn't be happier!

I am in love with this dress, as well as the perfect fit! I ordered the dress and received an email the next day asking for my measurements with instructions on how to take them. I measured to a just fitting point, instead of snug, because previous reviews said the dress ran small. The dress is great quality, well lined and well made. And I can't say enough how perfectly it fits! It also shipped much faster than the estimated ship date, which was a huge plus.

I want to return it"
B01GR9GNCG,"this was such a sweet gift for my daughter. She loves to blow these things all over and now she has one to keep

This arrived with a limp a$$ wishy. It is sad and NOTHING like the picture. I was very disapointed. :(

Cheaper quality than I expected. A bit disappointed

Love this whimsical necklace. It is adorable.

This item arrived today. I took it from the pouch and realized it isn't glass at all. It is the equivalent of a rubber ball, with a discernable seam. The ball was badly scuffed and discolored. Very poor quality. I am returning.

The plastic that the dandelion seed is encased in has a seam around the side that is clumsy looking, ruins the effect of the seeing the seed, and irritates the skin. Even at the low, deal of the day price, this was just a piece of junk and not worth it.

got this as a christmas gift. She thought it was cute. ""glass"" was a bit foggy and the dandelion was a bit difficult to see.

Heavy and low quality.

Thought it would be smaller.. looks like a cracker jack prize.

Adorable"
B00UR9KZ7M,"Pretty though.

I ordered 3 of these skirts. I love this skirt, but upon arrival for my sister's skirt, the zipper was messed up on one of them and she never got a chance to wear it for Mother's Day. It ran small and the zipper was messed up. My zipper wasn't messed up just a little challenging to zip. It definitely fit me tight. She plans to return her for a refund. If you wear a size 6 in US, you should order a large and it still will fit a little tight. It is definitely not for women larger than a size 6 unless they start making larger sizes.

Love this skirt!! The color is a tad bit lighter than the picture and the waist runs small so size up.

Got the package within 4 days. But this large is for teens or younger. NOT for adults. Unless you wear an xs I suggest ordering a large

The sizing is off as I expected it would be. I'm a size 4 and I ordered a Large and it fit perfectly. I love the color and the fabric is more of a polyester, but it helps the fabric to stand our nicely. I really like it.

Beautiful and just like the picture. If you're a size 6 with hips like me, get a medium.

I am a size 6 and the large was too small. I have a 28"" natural waistline. Color was great. Fabric was weird

I am 5'10"" 190 lbs. I wear a size 12 skirt. Normally the full a-line skirts will always fit but this was too small around my waist.

I read the reviews and sized up to a L (I'm an 8) but! It still had like an inch gap to close. So devastated. It was so beautiful. Total waste.

This skirt is perfect. It's well made and the material is quality material. I'm 5ft 120lbs and luckily I read the other reviews bc buying a large when I normally wear a size 4 was the best idea. I love the way this skirt sits on my waist so nicely but I do not like how it isn't midi on my short frame. Its so long on me I look like a grandma. Besides the length though this is very nice

A large should have been more than big and I cant zip this by at least a 4 inch gap. It's very pretty but it's going back. I even checked the sizing chart!

Ordered this and it came in and the zipper was broken and the size was waaaay off! I'm a 4 and I couldn't fit it around my waist. :(

Not the color on this picture. Not bright more like a dull bluish purple. I returned it. Also too small even when I went up on my normal size.

Not true to size

I was so excited to get this skirt. The minute I took it out of the package I knew it wasn't going to fit. I ordered a size up and it was still inches too big.

The reviews for this skirt were dead on and I ordered a large in order to compensate for how small these sizes have been reported to be. Unfortunately, the skirt was STILL too small. Not just too small -- GROSSLY too small. As soon as I pulled it from the package, it was noticeable. I am usually a size 6-8. This skirt was a good two inches from being able to close above my navel. The color is as advertised and, outside of a few straggling strings, it is well crafted. It's a shame that the sizing is so off. I am returning it today.

The color was exactly what I wanted. The waist is too small. I wear a medium but ordered a large and it still didn't fit.

This skirt SUCKS. It look nothing like the picture, the material is very cheap, and it is very unflattering. DO NOT BUY

I ordered the skirt according to the size chart in the product description (which I had found to be accurate in prior purchases from the same company). This time the size chart in the product description was not accurate and the skirt was too big in the waist. I would have to have it taken in a few inches in order for me to wear it higher on the waist the way it's meant to be. On the positive side, it's a nice shade of blue and I like that it has pockets.

I wear a medium, I am a true medium and the medium fit perfectly! Beautiful rich color!

A beautiful skirt!!! The color is as pictured. I love the pockets in the skirt, and well made. At first I was a little worried about the texture of the skirt. However afte"
B019OLD7GE,"Got a large but fits like a small ..

Very cute and sexy! The back is cheeky but since I have a pretty squishy butt it kind of wants to become a thong! Can't beat it for the price!

Shipping was super quick, it said to expect it between April 14 - May 3, and I received it March 30th. The braid dosent go in the front, just slide the boob part and make sure the strings tie in front. The bottom is as expected, I knew it would be showing some booty since the picture shows the back almost the same width as the front. I'm 5'2, 32c, 120lbs, 37in waist/butt; usually a small/medium, and bought a large which fits nicely.

Great item!

My wife is very happy with this one.

Itsy bitsy teeny weeny ... Too. Bottoms are cute thought it was seen upside down (the top) I love the buttons though. If your anything over a 34b (I'm 36dd) this isn't the bikini for you

Very cute. I sized up and it fits perfectly!

Love the bottoms but the top was too small

Ordered a large & it fit well. Bottoms were a little big but not enough to give a bad rating. Top was adorable. I am a D & it's a tight fit but I can still wear it. If you're a D or larger be aware that you'll be showing a lot of cleavage. Over all the material was great & it's an adorable style!

Bottoms are cute. But as for the top... The braid part was in the front, so it is in the middle of your breasts. Unlike like the picture where the braid is pictured on the back and there is a tie on the front. DO NOT ORDER unless you like the bottoms.

The quality of the swimsuit was poor and it didn't fit properly but customer service was great.

Cute bathing suit really see through!

The top doesn't look anything like this. It's kind of reversed and I tried fixing it and didn't work. Disappointed.

Top didn't fit right, almost like it was backwards. The style is not as pictured. Bottoms are cute however.

Nice

Need my money back

Horrible. Ordered it and received a blue pokadot bathing suit instead..... Extremely disappointed

Fits great and is super cute, love how it ties in the front!

Nice, but small. Order a couple of sizes up. It is pretty, the color is more towards a light pink.

Very cute

overall quality is good, the top is a little small for me... but i usually buy bikinis in two different sizes. I love the bottoms!"
B003V2MWR8,Worst piece of junk I have ever purchased. Nothing like the picture or description. Absolutely worthless.
B011IAFTIS,"content with this product.

I love the back of this shirt. It fit as expected, but the front top part of the shirt went up higher than pictured on the model which was not at all flattering. I am returning this.

Cute top

A bit thin and a bit large for what size charts said.

super cute and soft. very comfortable and great for a simple chic look

It's ok for bumming around. Not good for playing around.

I purchased a medium and it fits like a large. Very cheap material. Does not look like the picture.

Too loose. The material it too thick and that makes it look low quality. Such a shame since the cut is very nice.

fits perfect

Perfect for summer . Fits just right .

This shirt looks nothing like the picture. It is thick material and does not drape like the picture.

This tank top looks nothing like the picture and was way too small.

This is see-thru. Very see-thru. I wear a sticky bra in nude/skin tone and I don't have many issues. The fit is true to size and I love the color. The back detail is so sexy and flirty.

The color did not match and very large, I'd return but it's a hassle

Thin light weight kinda see through

Not as cool as the pic. The pink color looks more pale in person.

Cheap price and cheap material, I wasn't very happy with this shirt because it was too small and the sewing was coming out when I recieved it.

Material was washed out and way too big

I followed the size charts and the shirt was way too small. It fit my 7 yr old.

This is absolutely nothing like the photo. It may fit an 8 year old and I went up 3 sizes. Horrible fabric and terrible cut.

Don't buy this shirt or anything from this company. This shirt is not even close to what is pictured not to mention it was way too small even though I ordered a size up. I am a small in most tops and ordered a medium in this one. Even if I had ordered an XL it would not have fit as shown in the photo because it is not cut as shown. First, the color is completely off. The photo shows a nice salmon color but the top I received was a light pink that would be appropriate for a nursery. Second, and more importantly, the cut of the shirt is completely different than what is shown. See the photo I included that shows that the shirt stops at my waist in a boxy and unflattering way rather than flowing nicely over my backside. Also note that the bottom of the cross cross area on the back does not have the cute little dramatic V cut out at the bottom of the opening, it is is just cut straight across. Third, when I tried to return the item I was told that the best they could do was give me $1.50 back and suggested that I give the shirt to a friend: ""Dear friend, Really sorry for inconvenience. The size of the product is as the web, In that case,our company can not provide prepaid shipping label. Could you accept it? But I do not want you unhappy. could you give you family or friend?and i will refund you $1.50 to make up for this. could you accept it? Do you have any other ideas? please let me know,Thank you! Your understanding will be high appreciated. "" I'll be donating the shirt to charity. Maybe a 7 year old will enjoy it.

Nice top. Light and flowy. Thin material tho

A bit of a boxy shape so don't expect it to be flattering if you have a small figure. Cute design though I don't wear it that often because it doesn't look like it does on the model (I thought it would be slightly formed like it shows on her waist).

Wife loves it!

Don't waste your money. The front neck line is literally at your collar bones."
B00OJW68N8,"It was even cuter than the picture! Love it!!

Not the same color. The one we received was more of an orange color. This looks coral, which was what I was expecting.

Fair quality for the price - there are a lot of poorly done seams and threads hanging off, but for what we paid for it, I'm not surprised. The color is more of a burnt orange than a coral, but it is still pretty and it very cute on."
B015F40UKU,"Not what I exapected

If you get the wrong size the company is very reasonable and helps you out! They come small so get a size larger than normally would. Other than that the company is great!

The size was for a 10 yr old girl!! Or a small Asian women...

Made very well great materials

The suit is cute there is no doubt- but it certainly runs on the smaller side. I feel as though the top fits very funny as well- not enough support I suppose. If you do decide to purchase, buy a size up. Also, shipping take quite awhile- I also did not like that I couldn't track the package.

Not what expected.

Very cute swimsuit.. The bottom fits a little small so just be aware. But the top fits perfect just as expected. Awesome suit for an awesome price!!

Ordered a size up as the reviews said to do and it fits. Lots of padding in the top which I like.

This is awful! Looks nothing like the picture! It's scooby doo print not cheetah

ok but a little large

Top was to small but bottoms fit well.

YESSS I LOVE IT AND SO DID EVERYBODY ELSE ! AND VICTORIA SECRET HAST THE EXACT SAME WEAR MY FAV SWIMSUIT :)

Top was very very small.

Exactly what I wanted!

Cheaply made, didn't come close to fitting I bought 2 one of the tops was way to big round and there's no way to adjust it, and the other one the cup size was way to small, worst suits I've even bought but I guess what you pay for

the bottoms are small and the top moves around and the bottom of my boob hangs out... kind of disappointed

I ordered the leopard w/teal ties push up bikini, and it looks exactly as pictured. The material is soft and good quality I ordered a medium- I am about 5'5"", 120lbs, 36"" hips, 37"" bust/34D. The bottom fit perfectly (also, it ties on the sides so you can adjust it.) Top was a little too small though, so I cannot wear it, which was disappointing. But it is cute and was inexpensive, so I gave it to my little sister. I ordered this item on June 3rd and it was scheduled to arrive by July 16, and it arrived much earlier- on June 13. I have ordered from this seller before, and the shipping has always been much faster than expected. Also, when I have had a problem with my order and have contacted the seller, the seller has responded promptly and has been courteous and eager to correct the problem. Excellent customer service. I highly recommend this seller!

The pattern is cheap looking in person. Plus the top size was super small.

i would give this bathing suit/company 0 stars if I could, they sent me the wrong 1 and the wrong size terrible quality the cups I'm the top are really hard and unnatural looking waste of money

Loved the swim suit! It was great quality considering the low price. I would just recommend ordering a size bigger than what you normally get. Luckily I did! I would totally buy from them again!!!

Way too small.

small suit, I gave it to my 13 year old niece

doesn't look like the picture. . S***ty material

Worst swimsuit EVER! Not only did none of it fit (even when I sized up) it took months to get here! Never will buy again!

I got an entirley different cheetah print but it is still cute and fits good

LOVE this bathing suit! I constantly get compliments on it. Amazing for the price!

Very small sizes. Very pretty suit though

Good quality. And style exactly as shown on the picture. Use the chart, because I ordered Medium and it was a bit small. I usually wear a medium though. Customer support is very considerate and helpful. I love the product will continue to shop with them

One of my favorites! Love it at first i got a small and it was too small but they resent me a M and it fit perfectly

Love this suit , good deal

I ordered myself a medium, but the top was too small. They are awesome to work with. I e-mailed stating I needed to return and get a size bigger. They write back fast and they are corporative I will order from them a lot now. Very pleased... The bathing suite might look a little different win you receive it. But it's still ador"
B01B172PB2,"The item was entirely toooo small and i ordered a size up.

I disliked because the dress fit too small after ordering a size bigger

Poor quality cheap looking

I normally wears a size 14/16 But I ordered a 2x. It fits perfectly! Cute dress! I was a little disappointed with the material of the dress. However, with the right statement necklace and heels....it will work if you work it!

To small but is lovely. I bought a 2X and I'm a size 14 so I was pleased with it. It fits perfectly but is slightly different from picture. All in all its still very cute and as longs as you buy a bigger size you'll be fine.

The material is too thin

Love it

hides back fat very well

I want to change it so bad

For the material it's made out of it should go up too bigger sizes

It does not look as nice add the photo.

Fits snug

just loving my dress it fit so well I odered a blue as well .

Very very thin.

The material looked and felt cheap! It looked like a costume!

Horrible ! Not what I paid for !! The material is like a ballerina dance outfit . False advertisement !!!"
B019RV2N5M,"Really like the shirt. Good fit for a medium. I generally wear mediums, and they fit close, but not tight, and this was great. There was no noticeable shrinkage after washing it. Colours have stayed true after several washings (so far). The sleeves are a little lighter than the picture shows, but not significantly. Shipping was a lot faster than Amazon indicated it would be. I think it took just over a week, eight or nine days, and claimed to be shipping from England or something. Amazon gave an outrageous estimate (three weeks or something like that), so it coming in a lot earlier was very nice."
B00N6EM22Q,"MORE LIKE A Halloween costume

Poor quality

This is a nice shirt, accompanied by a lot of hassle. It runs really small, I'm 100 lbs slim and wound up with large. It has some lovely features, stitching on the shoulder, tasteful tailoring. If you like amulets, you'll like this shirt. Just order up!

Beautiful and perfect!

This button shirt looks nothing like the picture, do not buy it, it is super shiny Nylon and looks really cheap.

Too bad

Great price! Fit as expected! Got a lot of compliments when wearing it, loved it.

I like the style just too small

I'm a usually small/medium in size. I ordered medium and it's a bit close fitted.

Beautiful shirt. Comfortable material. Could be worn for professional or social attire. The fit is true to size: you should buy it a size bigger than your normal US one and it'll fit perfect!"
B01H6YAL88,"The red you see in the picture? Not the color you're going to get. The hat I received was a rust red color, very ugly. And the logo is an iron on, I could have made it myself. I gave it away. Not worth it.

DO NOT WASTE YOUR MONEY THIS HAT IS CRAP VERY POOR QUALITY THE ONLY REASON I GIVE IT ONE STAR IS BECAUSE IT WON'T LET YOU GIVE IT 0

The hat is too small for an adult, and the bill is really short for some reason."
B00NNF1CU6,"this hat came scrunched up and literally took a couple of months to flatten out and be wearable. I looked online and they suggested that with wool hat you are supposed to put some starch product the spray on variety and then potentially heated up so that it forms the way you want it to. They also recommend storing it upside down on the top that seems to help for me.

Such a piece of crap low quality ugly ugly hat. Will never wear, will just end up in the garbage. Don't waste your time

This hat looks very good at the picture but not in the reality. Be aware. In additional the size of the hat is too big to a normal woman head. You can return it back but the cost to return it back to China costs more than the hat itself.

Arrived in a flat bag. Very smushed and flattened

Great hat!

Brim of hat looks nothing like the picture. Not sure if this is because it was folded and crammed into a thin package and then shipped to the US.

Not a very great product, you get what you pay for - a cheap hat. I don't plan to wear it or keep it.

Sooooooo cheap looking. Glue and everything showing. Regretful purchase.

Super cute on. Loved the color, and the fit. Its wool material, and it looks expensive.

Poor quality, glue is visible around the strap. It's fixable if you are willing to put some effort into improving the piece.

Came in a really small package so it was quite crumpled upon arrival. I don't have a steamer either so there's no way I could get it to take it's actual shape. It was also very snug, kind of cheap feeling. I ended up giving it to my daughter for a dress up hat. Customer service was good though.

Blends well with my church clothes

it took forever to get here but it finally did and it is awesome

Just as pictured. Will definitely order more colors

Very cute! My girlfriend loves it!

Love this hat. It's a great CHEAP fall accessory. It didn't come in a flat package but the brim was kind of crumpled. Nothing a little steam can't fix. I ordered 3 colors. Would've order all if they went going to take a month to get delivered. It's slightly better than what I expected. I expected it to be too small for my head but it fits great.

Adorable Hat made out of a soft and durable felt! It was shipped in an envelope though and I was worried it would be messed up when I opened it, but it was fine. Can't wait to use this for my Halloween costume!

made of poor quality material.

Love my shoes received so many compliments

Love it

Good price

perfect hat

This was a good choice for at, cheap and cute and arrived earlier than expected!

The hat was what I expected

i WANT TO GET MY COUSIN ONE SHE WANT TO TAKE ALL OF MINE

Horrible!!! Peace of garbage!!!!! Don't buy this! A fault of respect!!!

Works for me like to fit

The quality of this product is terrible. Don't buy. It's not wool felt, but 100% polyester. It is made in layers and the two layers were separating on the one I received. Was going to use this to make a pirate tricorn, but it's junk.

Didn't know exactly what I was getting from the picture, when I received it I was surprised how much that picture doesn't do it justice. I really like it and it's a perfect fit. A great deal!!!!!!

This hat is cheaply made. It has hot glue gun coming off of it. Unfortunately it would cost me more than the hat is worth to ship it back. :(

Somewhat laarge, but usable, I will keep it. I love the color and style.

Love it

CHEAP!!!!!!!!! Threw it out!

Even though it's a little big, it's just what I wanted.

just as described.

Nice"
B004QRR1Z0,"Love these shades!

The product and shipping were overall great, the sunglasses did have a small scratch on the front and side but nothing major, thank you

I love just about all fox products, and this is exceptionally one of them."
B00H8XSMNY,"This product is good for the little beginner as he or she starts walking, so they don't slip when standing. The fit was good and also keep the feet warm. Would recomend to use these. The price was a good price and would buy again when needed. Thank you, Dorothy Anderson N. Dak.

this comfortable looking sleepers help my baby to have some grip on the floor but ones washed the material got little balls and then keeps coming loose sliding to my baby's heel , constant problem so we don't use them as much because i have to keep adjusting them .

These did not have the same strength in the sock that skidders brand has. They slide off of the foot and take constant adjustment. I prefer skidders.

Got these for my boy he was learning how to walk and hated wearing shoes, Great transition into shoes.

We found that the product is not washable, not really. A spin in the dryer on no heat still produces a smell, a turn out of the washed and damp socks produce wet baby feet. Took days to dry. We don't recommend, but other people may have had better experience, the quality is good, and they are well made, but they make our baby's feet sweat-thus needing a wash, after which they will not dry.

Very cute and they actually stay on my sons feet, and look like they're comfortable too!

I purchased these for my grandson when he began crawling to help him get the extra push he needed. They well.

We love these shoes for the little guy. He is just walking now and I am sure he will grow into them. The tops of the socks were big on his average calves and so the shoes slip off at times but overall good price for what you get.

These are a waste! Save your money! Within 12 hours of having these, the pattern/stars were pilling and pulling from the fabric, and you could not even tell they were stars. Cheaply made product...

The sock part is tight fitting for my little boys chubby legs. I got the 12 - 18 months size and he is only 7 months and the foot part is big and the sock part is tight. I love them though and I bought a second pair too

I bought 3 other pairs of these for my 13 month old baby girl after I received the first pair. She loves them so much. She brings them to me every morning so I'll put them on her and take her outside to play. They stay put, and they are very hard for her to pull off, which is wonderful. They don't hurt her feet at all. Pure comfort, and she can walk everywhere she wants and be protected. Wonderful!"
B018F4N4RI,"This case is as nice as it looks in the photos. The wood comes in warm, rich shades and the design appears to be burnt into it. The fit to my iPhone 5c is perfect and slim enough that it still fits into my wallet carry case. Shipping was fast and it was well packaged. I would buy from this vendor again."
B01FQKY95A,"I'm 5'10, 165 lbs, and typically wear a size 12. I bought both a Large and X-large. The X-large fit better. Large was a bit tight through the hip area for me. The cut of the dress does not allow for a bra, but I wore a string-bikini top underneath to give me a little support. Dress was very comfortable, light-weight and flattering.

Ordered this dress in an a L and XL but ended up returning both because it didn't give me the 'wow' factor I was looking for. For reference I am 145lbs / 5'-7"" / 36DD / long legs / short torso. I wanted the bodice to look on me the way it does in the picture. Not a chance and I should have known better due to my bust size. It was ultimately going to be a swim cover-up as there is absolutely no support for ladies with large bosoms and an open back means no bra. It looked fine with my white bikini top just not fine enough hence the 4 and not 5 star rating. There is a zipper in the back that assists with getting it over your hips. The halter tie at the neck is long and adjustable. The accent tie front and center is a nice detail but pulls up the front of the skirt a bit when you 'tie it closed'. The bottom of the dress hit at my ankles, slightly higher that it shows in the picture but still gorgeous with my Ipanema sandals. BEWARE the fabric is see-through when back-lit. Technically both sizes fit, however, I preferred the fit of the XL as it looked more like picture in the bust area.

Fits perfect

didn't like, odd fit

Horrible!!!

Love this to hang around the house in and sleep in Would not wear in public.. maybe over a bathing suit.

Transparent and low quality fabric

This is legitimately a tee shirt

Love how comfortable and soft this is! Super cute!

Super cheapy, poorly made - sowing is already coming undone on edges. The hem on the bottom front was longer than the hem on the bottom back. This is amplified when you put it on and your butt lifts back hem even further. Also it is so thin, feels like they used thin tshirt and made it long into dress and basically see through.

I ordered a size small. Im 53 and 115 pounds and 34B chest. This fit a bit big on me. The other thing I didn't like is that the hem on the bottom front was longer than the hem on the bottom back. Really weird look. Its especially weird looking if you have a more fuller butt like I do. I have a thin waist and thin legs and arms. It looks like you're wearing the dress backwards. So ugly. I didn't like the way this fit at all. It was also pretty see-through.

A little bigger than expected but this dress is a great foundation for a killer outfit. Good quality, comfortable material. If you layer and accessorize properly, it makes for a great causal or semi-formal outfit.

A simple (but sexy and flirty) light dress...great for summer! I ordered a small, and at 5' 6"", the top of the hem was almost pushing too short, but just almost. I ordered two more colors already."
B01HH4492G,I wear it as a necklace rather than bracelet. I love it and gets loads of compliments on my tree of life.
B01AG33NQ8,"This is an extremely cute dress. It is very slimming. The dress is different and I got so many compliments. I purchased the red as well.

This is a great stylish little piece. Together with a built in scarf this is a nice piece to wear to work or for a night out on the town. Great with casual or dress shoes you can achieve the look that you desire. Finish it off with accessories and boom you are ready for any scene. You can even add a jacket for that extra special look. ""I received this product free or discounted for my honest and unbiased review."" All opinions are my own."
B01GBHSSC2,Fit a little tight but cute
B00SEOFD06,Love this bag super cute and perfect size for just the essentials!
B019GEEFPG,"I wore these jeans all throughout the 90's & loved the way they fit. With this new skinny jean nonsense fad going around I was having trouble finding pants that fit over my work boots without cutting them. I searched for these on Amazon and was surprised they still sold them. I ordered a pair (30) according to the size chart since I wear 33x32 jeans normally. The length and fit around my boots fit great, but the waist & crotch region...forget about it! I will be exchanging these for a (32) and see how they fit. When I bought these as a teen, they came in normal sizes 30x30, 32x32, 32x34...not this one number size like chick jeans. I'll update my review when I receive my exchange."
B00VOOHJC8,Wish it came a size larger to fit looser on my Mom but she loved the design of this very true shirt. May God continue to bless her and all other Ovarian Cancer survivors (& their families)!
B007CM7FPM,"A long-time fan and wearer of platform wedges, I had high hopes for these shoes. And they are adorable. The colors are vibrant and sharp. The shoes look fabulous. However, they just weren't comfortable. It was as if the arch was in the wrong place, leaving my foot unsupported. This resulted in a wobbly gait that left me uninterested in actually wearing them. The high price of shipping to return them, and the loss of the originally paid shipping to receive them, made it not worth it to return them."
B0179MC99Q,"I wear Columbia shorts often and wanted a web belt. This was the only one I found slightly narrower than the 1.5 standard. Fits great as far as width. A great price was icing.

works great!

You need an extra few inches to make this buckle work. I have another belt with the same length and it has length to spare, this belt is too short for me to latch it. It is the length it is listed as but the buckle needs some length to get latched."
B00WVDTS3Y,Nice jacket fits perfectly good price
B00IU6A92U,"I get more compliments of this dress than any other.

Beautiful colors, but tooooooo long. I am petite and even on stilts, I could not wear it. It is in the process of being returned. Sorry."
B01EYPIVRU,"lovely colors, good fit"
B01C2B636E,"size chart was inaccurate. ordered a ladies medium, would fit a 12 year old

the pink one is completely transparent. Not at all what I wanted not what I was expecting. Very disappointed."
B00M3X6BHS,"The shoulders are too narrow, so I can't get the dress on, I'm slightly broader shouldered, but not that much!"
B004WPZYKA,"First of all let me say, I got what I paid for. I guess I should point out the positives: *showed just like the picture *expedited shipping arrived earlier than expected *I did like the style *CHEAP!!! Now the negatives: *these shoes had a BAD SMELL! my husband thought I bought used shoes, so when I showed him that they were not new, I then convinced myself and him that maybe these shoes were sooo new they just needed to breathe. After leaving them out to ""air out"" our entire house smelled like an animal shelter (I am not a pet person). So then we thought we should leave them in garage so they can air out more, needless to say, now the garage was filled with smells from a barn. On day 3 we were catching a flight (with the shoes in luggage)of course now I was afraid it will be in our clothes, the shoes traveled with us to the Dominican Republic, (our family was going to a Destination Wedding, that's why we needed these shoes. Let's say after the kids wore the shoes for the wedding, the shoes NEVER left the hotel room....NEVER I left them there! That is what I get for paying for cheap shoes!"
B01GOC1TPM,Happy
B0190DJ24C,"The sizing didn't even come close to fitting I ordered a 3X or 4X and it fit my assistant who is the small

Runs about two sizes smaller

It is a really cheap version of the picture. It will do as a lightweight jacket to be worn everyday. It also has an odor that is very unpleasant."
B01EMSJ7CM,"I thought this dress was going to be quite a bit longer than it is. I'm only 5'2"" and it hits me a bit above the knees. Other than the length it's really pretty. I thought it might be a wear to work type dress but it is really shiny and is beautiful for a good cocktail party, etc."
B016UTPF6S,"Works great, looks cute. Has a little room on the top for me to put my hair in. Maybe it wouldn't be the best if you have a LOT of hair, but it also depends on how low on your forehead you want it. Mine sits about an inch from my brows and o like it. The fabric is soft and comfortable. The sweat band is a nice touch. I like all the different styles to choose from. I haven't tried washing it yet, I might need to update my review when I do."
B01CZ65IBM,"I like the fact that they're rubber, so I can wear them in bed.

The frames looked larger in the pictures. Do like the rubber part."
B015TK5AIW,"I really like this dress. Very comfortable and at such an affordable price. I originally bought a large because I thought a medium might be too tight but found I actually had more room than necessary. The medium was perfect so I am sending back the large. I am 5'4, 142 lbs. The material is lightweight but not see thru. The only complaint I might have is that the neckline in the photo looked more scooped (which is what I was looking for) and the dress I received was not like that at all. Much tighter neckline. But it still looked very nice.

I ADORE this dress. I wear it everywhere and for everything. Planes, trains, automobiles. I liked it so much I bought two! Comfortable and attractive but still very fashionable.

Great dress! Wear it a lit so ordered another one in pink, but another black one showed up instead. Kept it anyway! Dress it up for night or daytime with flats! Love it!"
B00X1K7PXQ,"Since we recently bought several pairs of water shoes, this is feeling a little redundant. We bought these for our granddaughter (6) and she was able to walk for hours in rocky stream without any difficulty. They stayed on and offered fine protection and were comfortable. What more could you ask for - for the price?"
