candidate_id,movie_id,tconst,score,route,error
1,tt0169621,tt0169621,2.0,expensive,
2,tt0188453,tt0188453,-2.0,expensive,
3,tt0193537,tt0193537,-2.0,expensive,
4,tt0207051,tt0207051,-2.0,expensive,
5,tt0216196,tt0216196,2.0,expensive,
6,tt0221809,tt0221809,0.0,expensive,
7,tt0229003,tt0229003,-2.0,expensive,
8,tt0234041,tt0234041,-2.0,expensive,
9,tt0242193,tt0242193,2.0,expensive,
10,tt0243655,tt0243655,-2.0,expensive,
11,tt0245115,tt0245115,0.0,expensive,
12,tt0249624,tt0249624,-2.0,expensive,
13,tt0250310,tt0250310,-2.0,expensive,
14,tt0250491,tt0250491,-2.0,expensive,
15,tt0250739,tt0250739,2.0,expensive,
16,tt0253040,tt0253040,2.0,expensive,
17,tt0255730,tt0255730,-2.0,expensive,
18,tt0256692,tt0256692,0.0,expensive,
19,tt0257106,tt0257106,2.0,expensive,
20,tt0257231,tt0257231,-2.0,expensive,
21,tt0267440,tt0267440,2.0,expensive,
22,tt0268288,tt0268288,2.0,expensive,
23,tt0269376,tt0269376,2.0,expensive,
24,tt0272950,tt0272950,-2.0,expensive,
25,tt0273253,tt0273253,-2.0,expensive,
26,tt0273607,tt0273607,2.0,expensive,
27,tt0274321,tt0274321,2.0,expensive,
28,tt0275410,tt0275410,2.0,expensive,
29,tt0283974,tt0283974,2.0,expensive,
30,tt0284137,tt0284137,2.0,expensive,
31,tt0284717,tt0284717,0.0,expensive,
32,tt0286610,tt0286610,0.0,expensive,
33,tt0286975,tt0286975,2.0,expensive,
34,tt0290661,tt0290661,-2.0,expensive,
35,tt0299594,tt0299594,-2.0,expensive,
36,tt0301163,tt0301163,-2.0,expensive,
37,tt0306568,tt0306568,-2.0,expensive,
38,tt0379186,tt0379186,-2.0,expensive,
39,tt0385586,tt0385586,0.0,expensive,
40,tt0446557,tt0446557,2.0,expensive,
