product_id,title,brand,category,price
B00PIFQU0G,King Ma Women Long Sleeve Turtleneck Chunky Knit Loose Sweater Pullover (beige),King Ma,,
B013Y6OON0,SheIn Women's Fall Grey Off the Shoulder Crop Scarf Sweater,,,
B018TE2ZQA,Ugly Christmas Sweater Womens Red Minion Santa Jumper (M/L),Missi,,
B00GNU3R6K,Womens Trendy Crewneck Loose Warm Soft Sweater Pullover Tops (Blue),Ostart,,
B00PIEXW2Q,"Oure Women Back Buttons Crewneck Drop Shoulder Knitwear Sweater Top (M, Nude pink)",Oure,,
B013FTNEJG,ELLAZHU Women Baggy Map Print Knit Pullover Sweater Onesize SZ194 Grey,ELLAZHU,,
B00FGRH4QK,Waltzmart Women's Geometric Knitted Sweater Casual Loose Jumper Pullover Tops,Waltzmart,,
B00EIDUU2I,Ninimour- Women's Long Sleeve Round Neck Knit Loose Pullover Sweater,Ninimour,,
B01A57KPFM,Women Round Neck Button Down Long Sleeve Loose Knit Sweater Jumper Top Grey M,WANGSCANIS,,
B00PC1P2DC,"Galsang Women's Loose Irregular Wool Sweater Dress with Shawl Collar#853 (M, Dark Gray)",GALSANG,,
B00HQVV0U0,Sheinside® Women's Batwing Long Sleeve Geometric Cardigan Sweater,Sheinside,,
B00PC1P4KI,"Galsang Women's Loose Irregular Wool Sweater Dress with Shawl Collar#853 (S, Dark Gray)",GALSANG,,
B015MSTYSI,"SEXYARN Womens Loose Knitted Crewneck Long Sleeve Pullover Sweaters (One size for S/M/L/XL, Green)",SEXYARN,,
B012C16QSY,"Halife Women's Long Sleeve Draped Knitted Cardigan Sweaters Open Front (S, Khaki)",Halife,,
B00NHX6JAM,"Woolrich Women's Sheep Crewneck Lambswool Sweater, DENIM COMBO (Blue), Size XL",,,
B00LUC8VSK,Egelbel Women Elegant Long Sleeve Gradual Color Cardigan Sweater,Egelbel,,
B019G9GNOM,"RoAcH Women's I Like to Party I Mean Read Books Sweatshirt | Lounge Sweater (Medium, Charcoal Heather)",RoAcH,,
B015MSH4B2,Pink Wind Women's Flower Skull Printing Round Neck Pullover Sweatshirt Sweater,PinkWind,,
B018LOJQ7O,ITFabs Lady Women's Winter Warm Cotton Casual Off Shoulder Bandage Bodycon Long Knit Sweater Knitwear UK 12-14,ITFABS,,
B00GSNHT6G,"REFRESH LIBBY-09 Women's Round Toe Sweater Knit Lace Up Low Heel Ankle Bootie, Color:BROWN, Size:6",re(FRESH),,
B015NXOHAM,Pink Queen Women Sweet Doughnut Outwear Jersey Shirt Sweatshirt Sweaters,Pink Queen,,
B009H5DJJ8,"Women's Plus Size Turtleneck Sweater With Rich Ribbed Trim Black,3X",,,
B0164CD414,Urban Fashion Cute Women's Panda Hoodie Sweater Jacket with Ears 2015 (XL),Urban Fashion,,
B00OE826YM,"Roamans Women's Plus Size Jacquard Sweater Black,M",,,
B00PP7AOBS,Bestal Women's Loose Knitting Crochet Sweaters Batwing Sleeve Coat Pullover,Bestal,,
B016NVCHDW,MNBS Women's Cute Birds Pattern Crewneck Soft Comfy Knitwear Pullover Sweater Medium Navy,MNBS,,
B00NW4EIY0,Cocobla Women's Hollow Batwing Sleeve Pullover Sweater (Dark Blue),Cocobla,,
B00NK97UCE,Women 2014 Fall New Movement Women Sweater Parrot Pattern Printed Loose Sweater,Lady house,,
B016ZVVB3C,Sunsent Women Autumn Winter Long Sleeve Knit Slim Sweater Dress,Sunsent,,
B017F4ZND2,CHICOCO Womens Japanese Cartoon One Piece Printed Long Sleeve Fall Sweatshirts Sweater,CHICOCO,,
B01H42WZAY,"Women's Plus Size Hooded Pullover Shaker Stitch Sweater Golden,2X",,,
B00983ZX5C,Womens Usa American Jumper Pullover Sweater (M/L US 10-12(UK12-14)),MTC,,
B013QMWDYE,Women's One Size Lace Lap Design Pullover Sweaters Autumn Winter Clothes Tops,Women Clothes,,
B00WOATW4Y,xiaoming Sweaters Winter Women's Long-sleeved Pullover Long Turtleneck White X-L,xiaoming,,
B00EH9V8AG,Women's Batwing Sleeve Knit Hollow Design Smock Sweater (Pink),asoidchi,,
B016NUCU8U,Bluetime Women's Striped Drape Collar Long Sleeve Open Front Knitted Cardigan Sweater,BLUETIME,,
B016NMRUO2,King Ma Women Oversize Loose Casual Knitwear Thicken Winter Cardigan Sweater,King Ma,,
B00OBFR026,Towallmark(TM)Womens Casual Sweater Print Loose Pullover Sweatshirt Hoodies Tops (M),Towallmark,,
B008BHEV8G,Carraig Donn Women's Irish Knit Roll Sweater Small White,Carraig Donn,,$79.95
B016UKRUEC,"OURS Women's Sexy Deep V Neck Slim Casual Kniited Pullover Sweater Solid (XL, Gray)",OURS,,
B00OTDOZM8,"Women's Sweater emoji suit white Hoodies 3D jogging Sportwear Sweatshirts, S",Mang GO,,
B014SGN4SQ,Froomer Women Long Sleeve Cardigan Knitwear Sweater Coat Casual Wool Outwear,Froomer,,
B015IOL74A,Shivali Sethi Women's Boyfriend Pocket Cardigan Shrug Sweater,Sartoria,,
B017U73RDM,ZHU Womens Zip V-Neck Long Sleeve Sweater Jumper Pullover Blouse Tops,Made By ZHU,,
B012C16RK6,"Halife Women's Long Sleeve Draped Knitted Cardigan Sweaters Open Front (S, Black)",Halife,,
B00Z8V89C2,August Silk Solid Metallic Print Women's Scoop Neck Sweater Red XL,August Silk,,
B016LQVSLQ,King Ma Women's Turtleneck Chunky Knit Loose Sweater Pullover Plus Size,King Ma,,
B017WX2ZMS,Luna Flower Women's Basic Slim Fit Deep V-Neck 3/4 Sleeve Thin Sweater Cardigans Red M,,,
B00TSH00L0,Tommy Hilfiger Women's V-Neck Cashmere Sweater X-Large Blue Heather,,,
B016BJDJFG,Bluetime Women's Casual Loose Cable Crochet Knitted Pullover Jumper Knitwear Sweater Tops,BLUETIME,,
B00KDOCMJU,2013 (Blonde) Human Hair Mustache Handlebar Mustache,,,
B01E37F29O,Set of 3 Star Top Tragus Barbell 316L Surgical Steel Cartilage Bar Helix Piercing 16g,Pierced Owl,,$9.99
B013JNYDHA,Cottonique Hypoallergenic Sleep Eye Mask made from 100% Organic Cotton (Melange),Cottonique,,$12.75
B013EY290W,Beydodo Stainless Steel Men Women Stud Earrings Reversible Side Vintage 4-prong Royal Earrings Stud Black,,,
B00R9A4G40,Fantasie Eclipse U/W Spacer Moulded Balcony Bra in Viola (9002),Fantasie,,$15.99 - $58.00
B00JGNHO1U,"Partiss Womens Round Neck Mesh Decor Shirt,Large,White",Fancy Dress Store,,
B00U4M2M6O,Pair of 925 Sterling Silver Plated Crystal Rhinestone Heart Love Design Ear Stud Earrings,Firewings,,$9.99
B005MZCZWE,"Long tulle bustle skirt with gathered lace front and satin bow accent.(BLACK,O/S)",,,
B0186ZNMAK,Ladyde Women's Fashion Scarf Neck Batman Tops Hoodies Tees Sweatshirt,Ladyde,,
B01FHRVB44,EPLAZA 6 Pairs Cotton No Show Women Socks Silicone Grip Non-Skid + 1 Wash Bag (a),EPLAZA,,
B01GCDNG9A,bestwishes2u Cute Without Pierced Ear Bone Folder Punk Fashion Ear Cuff Wrap Rhinestone Cartilage Clip On Earring Non Piercing Jewelry,Skyvan LLC,,$3.00
B00KRT73YA,zeroUV - Retro Bright Horn Rimmed Sunglasses with Colorful Mirrored Lenses - UV400 (Orange),zeroUV,,
B01CRSBAP6,Women Blending Solid Scarf Sheer Infinity Wraps Beach Cover Lace Crinkle Shawls Wine Red,Fashion Land,,
B00557QLLK,7mm Polished 316L Stainless Steel Ball Stud Earrings,,,
B0155WL5KG,"Fxford Women's Waist Slimming Latex Waist Trainer Corset Body Shapewear, FX2219 (Black, XL)",Fxford,,
B01CQ8UW5G,Areke Stainless Steel Crystals Piercing Jewelry Nose Studs Rings Pins Bezel Flat Nose Bone with Jewel Ball Color White,,,
B0176HNWGI,"Sunward Fashion Womens Tassel Slash Tops Long Sleeve T-shirt Blouse Sweatshirt (M, Grey)",Sunward,,
B00LJMQW8C,ETOSELL Girls Vintage Skinny Leggings Slim Distressed Stretchy Faux Jeans Blue,Etosell,,
B0123BTLR6,Besteel Stainless Steel Womens Mens Plain Wedding Band Ring Polished 4mm Size 10,,,
B00K76NA8G,Lovaru Women's Pearl Rhinestone Lapel Gauze tutu Dress with Bow Belt,Lovaru,,
B016LDE3J8,Disney Toddler Girls Pink Princess Elsa & Anna Night Gown Frozen Satin Nightie,,,
B00EDQMQCM,"Barbra's 6 Pack Full Coverage Women's Brief Panties (Satin Brief, Medium)",Barbra Lingerie,,
B00901G0NG,Women Front Opening Long Sleeve Col Boule Coat With Waistband,Allegra K,,
B00JVEQ19U,TopTie Full Circle Skirt Flowing Maxi Skirts Best Chiffon Skirt BLUE-S,TopTie,,
B00H96GVYC,"Beachcoco Women's Fold Over Comfortable Wide Linen Pants (L, Taupe)",Beachcoco,,
B0079MBENO,"Star Flower Snood,4001BLK,Black,One-Size",Dasha,,$6.95
B00NTGPYVM,Everbling Murano Green Heart Glass 925 Sterling Silver Bead Fits Pandora Charm Bracelet,,,
B01HAWZ50A,"Women Long Sleeve Crew Neck Cotton Shirt Elephant Print Pocket Top (Tag M=US6, Light Blue)",Laslong,,
B01CNEVBY4,Brutal Girl Women's White Oversized Cover up Baggy T-shirt Swimsuit Beach Dress,NOPTEG,,
B00GXHUMUW,"Cartoon Hands Holding Rosary Beads Hooded Pullover Sweatshirt (Lt Gray, Medium)",Ghast,,$31.94
B010U4EQ82,Basic Round Neck Fine Quality Knit Cardigan White Size L,Awesome21,,
B001LK7V2I,"Vans Youth Old Skool V Core , Navy-1 Youth",Vans,,
B00TK8J41O,ZANZEA Women's Bowknot Neck Puff Long Sleeve Stripe Career Slim Shirt Blouses White US 8/ASIAN L,ZANZEA,,
B01EHUXSCK,Elady Red Flowery Print Surfing One Piece Monokini Long Sleeve Cut-Out Swimwear Bathing Suit (M),Elady,,
B00LZFLS9Q,"ufengke® children outside sport watch, dive 30m waterproof electronic wrist watch-blue",Ufingo,,
B00ZC9DMDQ,"Sheinside? Women's Black Long Sleeve Cross Backless T-shirt (S, Black 2)",Sheinside,,
B01D5C6DM8,"Carter's Little Girls Lined Striped Racerback Tankini Swimsuit (2T, Multi)",,,
B00K2XN4UI,Tropical Group Men's Hawaiian Shirt Aloha Shirt M Waterlily Indigo,Tropical Group,,
B000J58KCQ,Columbia Men's Titanium Bugalution GTX Cold Winter Boot,,,
B00NWJ1YP6,Dark Lens Retro Wayfarer Sunglasses Flex Fit Frame - Black,Retro Rewind,,
B00DRBMKEI,Brand Military Royale Men's Army Style Metal Black Dial Rubber Band 24 Hours GMT Swiss Watch MR073,E-MENS Collection,,
B01AW29GMS,Zando Marijuana Weed Leaf Printed Cotton Colorful Sports High Crew Socks 5 PackRandomly Choose,Zando,,
B01D3WHP4U,Polo Ralph Lauren Men's Classic Fit Mesh Pony Shirt-Heather Gray 7105-Large,Polo Ralph Lauren,,
B00BH3H5IO,"Kiditude Ramones Seal Baby Bodysuit Romper, Black (18-24 Months)",Kiditude,,
B00QRHHOKO,Aeropostale Womens Glitter Logo Hoodie Sweatshirt 662 XL,,,
B01E4E6CKE,JJ Perfection Women's Solid High Low Button Down Blouse with Chest Pockets White S,JJ Perfection,,
B00MY5XGKU,TeeStars Men's - Nerd? I Prefer Intellectual Badass Hoodie X-Large Black,,,
B0116VPESY,Enlishop Women Fashion Long Sleeve Sequin Leather Blazer Jacket Business M Black,Enlishop,,
B00ZGQNALY,"Champion Boy's Gusto Runner, 6 M US Big Kid, Black/Lime",,,
B00BFGL480,Cole Haan Air Conner Shoe,,,
