movie_id,title,ground_truth
tt0102422,McBain,1
tt0106922,Fit to Kill,1
tt0119792,Nil by Mouth,1
tt0123385,Artemisia,1
tt0161023,Tumbleweeds,1
tt0164877,"Sexo, pudor y lágrimas",1
tt0175880,Magnolia,1
tt0196267,Cruel Intentions 2,1
tt0301924,Ten Tiny Love Stories,1
tt0306597,Brother to Brother,1
tt0344273,Kings and Queen,1
tt0346293,Hitler: The Rise of Evil,1
tt0371212,Shooting Livien,1
tt0378947,Melinda and Melinda,1
tt0382765,Jindabyne,1
tt0388769,Biarkan Bintang Menari,1
tt0427038,Carlito's Way: Rise to Power,1
tt0455590,The Last King of Scotland,1
tt0484437,Love Sick,1
tt0499570,Slipstream,1
tt0765447,Evening,1
tt0783608,The Walker,1
tt0841150,Protégé,1
tt0887971,While She Was Out,1
