question_index,question,implementation,method,repetitions,wall_seconds,llm_calls,cheap_calls,expensive_calls,cheap_seconds,expensive_seconds,precision,recall,f1,cheap_cost_usd,expensive_cost_usd,total_cost_usd,cheap_cost_per_call_usd,expensive_cost_per_call_usd
1,q_01,suql_baseline,SUQL baseline,10,38.81879351950047,49.0,0.0,49.0,0.0,38.81879351950047,0.8235294117647058,0.9333333333333333,0.8749999999999999,0.0,0.03234899459958372,0.03234899459958372,0.0,0.0006601835632568106
1,q_01,suql_v1_two_level_cascade,SUQL V1 (2-level cascade),10,83.05812086439983,98.0,49.0,49.0,37.603678804413356,34.933901802303446,0.8235294117647058,0.9333333333333333,0.8749999999999999,0.0313363990036778,0.029111584835252873,0.06044798383893067,0.0006395183470138327,0.0005941139762296505
1,q_01,trummer_baseline_adaptive_block_join,Trummer baseline,10,29.163624498900028,8.0,0.0,8.0,0.0,29.163624498900028,0.75,0.6,0.6666666666666665,0.0,0.024303020415750023,0.024303020415750023,0.0,0.003037877551968753
1,q_01,trummer_v1_structured_prefilter_cascade_join,Trummer V1 (structured prefilter + cascade join),10,63.33674635899806,55.0,53.0,2.0,55.27313964758214,7.988881360701635,0.8666666666666667,0.8666666666666667,0.8666666666666667,0.04606094970631845,0.00665740113391803,0.05271835084023648,0.0008690745227607255,0.003328700566959015
2,q_02,suql_baseline,SUQL baseline,10,30.515552571999432,47.0,0.0,47.0,0.0,30.515552571999432,0.8235294117647058,0.9333333333333333,0.8749999999999999,0.0,0.025429627143332863,0.025429627143332863,0.0,0.0005410558966666566
2,q_02,suql_v1_two_level_cascade,SUQL V1 (2-level cascade),10,73.33442560959811,94.0,47.0,47.0,33.34422579360398,30.983862733513526,0.7777777777777778,0.9333333333333333,0.8484848484848485,0.027786854828003322,0.02581988561126127,0.0536067404392646,0.0005912096771915601,0.0005493592683247079
2,q_02,trummer_baseline_adaptive_block_join,Trummer baseline,10,24.6136348023967,10.0,0.0,10.0,0.0,24.6136348023967,0.375,0.2,0.26086956521739135,0.0,0.020511362335330584,0.020511362335330584,0.0,0.0020511362335330586
2,q_02,trummer_v1_structured_prefilter_cascade_join,Trummer V1 (structured prefilter + cascade join),10,75.67870718170306,59.1,57.0,2.1,61.60596202607994,13.992462304896616,0.5,0.4,0.4444444444444445,0.05133830168839996,0.011660385254080514,0.06299868694248047,0.0009006719594456133,0.005552564406705007
3,q_03,suql_baseline,SUQL baseline,10,29.86423566220037,50.0,0.0,50.0,0.0,29.86423566220037,0.875,0.9333333333333333,0.9032258064516129,0.0,0.024886863051833644,0.024886863051833644,0.0,0.0004977372610366729
3,q_03,suql_v1_two_level_cascade,SUQL V1 (2-level cascade),10,43.10810882730293,50.0,50.0,0.0,34.71215887900471,0.0,1.0,0.8,0.888888888888889,0.028926799065837262,0.0,0.028926799065837262,0.0005785359813167452,0.0
3,q_03,trummer_baseline_adaptive_block_join,Trummer baseline,10,22.392346944400924,6.0,0.0,6.0,0.0,22.392346944400924,0.3,0.4,0.34285714285714286,0.0,0.018660289120334104,0.018660289120334104,0.0,0.0031100481867223505
3,q_03,trummer_v1_structured_prefilter_cascade_join,Trummer V1 (structured prefilter + cascade join),10,45.65983487330086,53.0,52.0,1.0,40.20837314328237,5.369897154501814,0.9230769230769231,0.8,0.8571428571428571,0.03350697761940198,0.004474914295418179,0.03798189191482016,0.0006443649542192688,0.004474914295418179
